-- phpMyAdmin SQL Dump
-- version 5.2.1
-- https://www.phpmyadmin.net/
--
-- Servidor: 127.0.0.1
-- Tiempo de generación: 21-06-2023 a las 23:46:09
-- Versión del servidor: 10.4.28-MariaDB
-- Versión de PHP: 8.0.28

SET SQL_MODE = "NO_AUTO_VALUE_ON_ZERO";
START TRANSACTION;
SET time_zone = "+00:00";


/*!40101 SET @OLD_CHARACTER_SET_CLIENT=@@CHARACTER_SET_CLIENT */;
/*!40101 SET @OLD_CHARACTER_SET_RESULTS=@@CHARACTER_SET_RESULTS */;
/*!40101 SET @OLD_COLLATION_CONNECTION=@@COLLATION_CONNECTION */;
/*!40101 SET NAMES utf8mb4 */;

--
-- Base de datos: `sis_venta`
--

-- --------------------------------------------------------

--
-- Estructura de tabla para la tabla `caja`
--

CREATE TABLE `caja` (
  `id` int(11) NOT NULL,
  `nombre` varchar(20) NOT NULL,
  `estado` int(1) NOT NULL DEFAULT 1
) ENGINE=InnoDB DEFAULT CHARSET=utf8 COLLATE=utf8_general_ci;

--
-- Volcado de datos para la tabla `caja`
--

INSERT INTO `caja` (`id`, `nombre`, `estado`) VALUES
(1, 'Caja 1', 0);

-- --------------------------------------------------------

--
-- Estructura de tabla para la tabla `cliente`
--

CREATE TABLE `cliente` (
  `idcliente` int(11) NOT NULL,
  `nombre` varchar(100) NOT NULL,
  `telefono` varchar(15) NOT NULL,
  `direccion` varchar(200) NOT NULL,
  `usuario_id` int(11) NOT NULL,
  `estado` int(11) NOT NULL DEFAULT 1
) ENGINE=InnoDB DEFAULT CHARSET=utf8 COLLATE=utf8_spanish_ci;

--
-- Volcado de datos para la tabla `cliente`
--

INSERT INTO `cliente` (`idcliente`, `nombre`, `telefono`, `direccion`, `usuario_id`, `estado`) VALUES
(1, 'Público en General', '-', '-', 1, 1);

-- --------------------------------------------------------

--
-- Estructura de tabla para la tabla `configuracion`
--

CREATE TABLE `configuracion` (
  `id` int(11) NOT NULL,
  `nombre` varchar(100) NOT NULL,
  `telefono` varchar(15) NOT NULL,
  `email` varchar(100) NOT NULL,
  `direccion` text NOT NULL
) ENGINE=InnoDB DEFAULT CHARSET=utf8 COLLATE=utf8_spanish_ci;

--
-- Volcado de datos para la tabla `configuracion`
--

INSERT INTO `configuracion` (`id`, `nombre`, `telefono`, `email`, `direccion`) VALUES
(1, 'Botica', '999999999', 'correo@correo.com', 'Ayacucho');

-- --------------------------------------------------------

--
-- Estructura de tabla para la tabla `detalle_caja`
--

CREATE TABLE `detalle_caja` (
  `id` int(11) NOT NULL,
  `montoInicial` decimal(10,2) NOT NULL,
  `total` decimal(10,2) NOT NULL,
  `fecha_apertura` datetime NOT NULL,
  `fecha_cierre` datetime NOT NULL,
  `idCaja` int(11) NOT NULL
) ENGINE=InnoDB DEFAULT CHARSET=utf8 COLLATE=utf8_general_ci;

-- --------------------------------------------------------

--
-- Estructura de tabla para la tabla `detalle_permisos`
--

CREATE TABLE `detalle_permisos` (
  `id` int(11) NOT NULL,
  `id_permiso` int(11) NOT NULL,
  `id_usuario` int(11) NOT NULL
) ENGINE=InnoDB DEFAULT CHARSET=utf8mb4 COLLATE=utf8mb4_general_ci;

--
-- Volcado de datos para la tabla `detalle_permisos`
--

INSERT INTO `detalle_permisos` (`id`, `id_permiso`, `id_usuario`) VALUES
(1, 1, 1),
(2, 2, 1),
(3, 3, 1),
(4, 4, 1),
(5, 5, 1),
(6, 6, 1),
(7, 7, 1);

-- --------------------------------------------------------

--
-- Estructura de tabla para la tabla `detalle_temp`
--

CREATE TABLE `detalle_temp` (
  `id` int(11) NOT NULL,
  `id_usuario` varchar(50) NOT NULL,
  `id_producto` int(11) NOT NULL,
  `cantidad` int(11) NOT NULL,
  `precio_venta` decimal(10,2) NOT NULL,
  `total` decimal(10,2) NOT NULL
) ENGINE=InnoDB DEFAULT CHARSET=utf8 COLLATE=utf8_spanish_ci;

-- --------------------------------------------------------

--
-- Estructura de tabla para la tabla `detalle_venta`
--

CREATE TABLE `detalle_venta` (
  `id` int(11) NOT NULL,
  `id_producto` int(11) NOT NULL,
  `id_venta` int(11) NOT NULL,
  `cantidad` int(11) NOT NULL,
  `precio` decimal(10,2) NOT NULL
) ENGINE=InnoDB DEFAULT CHARSET=utf8mb4 COLLATE=utf8mb4_general_ci;

--
-- Volcado de datos para la tabla `detalle_venta`
--

INSERT INTO `detalle_venta` (`id`, `id_producto`, `id_venta`, `cantidad`, `precio`) VALUES
(1, 120, 1, 1, 48.00),
(2, 117, 1, 1, 5.00),
(3, 110, 1, 1, 11.00),
(4, 77, 1, 1, 5.00),
(5, 113, 1, 1, 4.50),
(6, 261, 1, 1, 1.00),
(7, 235, 1, 2, 1.00),
(8, 8, 1, 1, 8.00),
(9, 423, 1, 6, 1.00),
(10, 554, 1, 1, 1.00),
(11, 20, 2, 1, 1.50),
(12, 147, 2, 1, 2.00),
(13, 256, 2, 1, 1.00),
(14, 196, 2, 2, 3.50),
(15, 474, 2, 1, 1.00),
(16, 198, 2, 1, 1.00),
(17, 263, 2, 1, 1.00),
(18, 423, 2, 5, 1.00),
(19, 155, 2, 2, 0.70),
(20, 371, 2, 1, 1.00),
(21, 192, 2, 1, 2.50),
(22, 92, 2, 1, 5.00),
(23, 123, 2, 3, 1.00),
(24, 190, 3, 1, 1.00),
(25, 86, 3, 1, 1.00),
(26, 188, 3, 1, 12.00),
(27, 523, 3, 1, 1.00),
(28, 458, 3, 10, 1.00),
(29, 284, 3, 1, 1.00),
(30, 212, 3, 1, 1.00),
(31, 170, 3, 2, 2.00),
(32, 196, 3, 2, 3.50),
(33, 192, 3, 1, 2.50),
(34, 193, 3, 1, 2.50),
(35, 338, 3, 1, 1.00),
(36, 97, 3, 1, 6.50),
(37, 225, 3, 1, 1.00),
(38, 552, 3, 1, 1.00),
(39, 231, 3, 1, 1.00),
(40, 533, 3, 2, 1.00),
(41, 69, 3, 1, 3.50),
(42, 398, 3, 1, 1.00),
(43, 408, 3, 2, 1.00),
(44, 116, 3, 1, 3.50),
(45, 519, 4, 1, 1.00),
(46, 213, 4, 1, 1.00),
(47, 60, 4, 1, 4.50),
(48, 63, 4, 1, 3.00),
(49, 533, 4, 2, 1.00),
(50, 437, 4, 3, 1.00),
(51, 168, 4, 1, 3.00),
(52, 198, 4, 1, 1.00),
(53, 20, 4, 1, 1.50),
(54, 223, 4, 12, 1.00),
(55, 443, 4, 1, 1.00),
(56, 448, 4, 2, 1.00),
(57, 123, 4, 2, 1.00),
(58, 212, 5, 1, 1.00),
(59, 123, 5, 5, 1.00),
(60, 384, 5, 3, 1.00),
(61, 534, 5, 1, 1.00),
(62, 492, 5, 1, 1.00),
(63, 222, 5, 4, 1.00),
(64, 553, 5, 1, 1.00),
(65, 233, 5, 2, 1.00),
(66, 538, 5, 2, 1.00);

-- --------------------------------------------------------

--
-- Estructura de tabla para la tabla `movimientos`
--

CREATE TABLE `movimientos` (
  `id` int(11) NOT NULL,
  `monto` decimal(10,2) NOT NULL,
  `detalle` varchar(200) NOT NULL,
  `tipo` varchar(200) NOT NULL,
  `id_detalle` int(11) NOT NULL
) ENGINE=InnoDB DEFAULT CHARSET=utf8 COLLATE=utf8_general_ci;

-- --------------------------------------------------------

--
-- Estructura de tabla para la tabla `permisos`
--

CREATE TABLE `permisos` (
  `id` int(11) NOT NULL,
  `nombre` varchar(30) NOT NULL
) ENGINE=InnoDB DEFAULT CHARSET=utf8mb4 COLLATE=utf8mb4_general_ci;

--
-- Volcado de datos para la tabla `permisos`
--

INSERT INTO `permisos` (`id`, `nombre`) VALUES
(1, 'configuración'),
(2, 'usuarios'),
(3, 'clientes'),
(4, 'productos'),
(5, 'ventas'),
(6, 'nueva_venta'),
(7, 'caja');

-- --------------------------------------------------------

--
-- Estructura de tabla para la tabla `producto`
--

CREATE TABLE `producto` (
  `codproducto` int(11) NOT NULL,
  `nombre` varchar(200) NOT NULL,
  `descripcion` varchar(200) NOT NULL,
  `vencimiento` date NOT NULL,
  `precioCompra` decimal(10,2) NOT NULL,
  `precio` decimal(10,2) NOT NULL,
  `existencia` int(11) NOT NULL,
  `usuario_id` int(11) NOT NULL,
  `estado` int(11) NOT NULL DEFAULT 1
) ENGINE=InnoDB DEFAULT CHARSET=utf8 COLLATE=utf8_spanish_ci;

--
-- Volcado de datos para la tabla `producto`
--

INSERT INTO `producto` (`codproducto`, `nombre`, `descripcion`, `vencimiento`, `precioCompra`, `precio`, `existencia`, `usuario_id`, `estado`) VALUES
(1, 'H & S PACK  150 ML', 'H & S PACK  150ML', '2025-04-30', 16.44, 28.00, 6, 1, 1),
(4, 'H & S 375 ML', 'H & S 375 ML ', '2026-02-08', 16.57, 20.00, 6, 1, 1),
(7, 'H & S LIMPIEZA RENOVADORA 250 ML', 'H & S LIMPIEZA RENOVADORA 250 ML', '2025-11-02', 12.98, 16.00, 3, 1, 1),
(8, 'H & S LIMPIEZA RENOVADORA 90 ML', 'H & S LIMPIEZA RENOVADORA 90 ML', '2026-01-26', 0.00, 8.00, 3, 1, 1),
(9, 'H & S SACHETON SUAVE Y MANEJABLE 18 ML', 'H & S SACHETON SUAVE Y MANEJABLE 18 ML\r\n', '2025-02-28', 0.95, 0.00, 83, 1, 1),
(10, 'H & S SACHETON LIMPIEZA RENOVADORA 18 ML', 'H & S SACHETON LIMPIEZA RENOVADORA 18 ML', '2025-01-31', 0.95, 0.00, 52, 1, 1),
(11, 'H & S SACHETON ALIVIO REFRESCANTE 18ML', 'H & S SACHETON ALIVIO REFRESCANTE 18ML', '2024-11-30', 0.95, 0.00, 24, 1, 1),
(12, 'H & S SACHETON CARBON ACTIVO 15M', 'H & S SACHETON CARBON ACTIVO 15M', '2024-10-31', 0.95, 0.00, 24, 1, 1),
(15, 'SHAMPOO PANTENE 400 ML', 'SHAMPOO PANTENE 400 ML', '2025-12-24', 18.29, 22.00, 6, 1, 1),
(16, 'PANTENE CREMA DE PEINAR LISO 300 ML', 'PANTENE CREMA DE PEINAR LISO 300 ML', '2026-02-14', 18.41, 22.00, 3, 1, 1),
(17, 'PANTENE CREMA DE PEINAR COLAGENO 300 ML', 'PANTENE CREMA DE PEINAR COLAGENO 300 ML', '2026-01-12', 17.35, 22.00, 3, 1, 1),
(18, 'PANTENE SACHETON DUO COLAGENO 18 ML', 'PANTENE SACHETON DUO COLAGENO 18 ML', '2024-12-31', 1.12, 0.00, 24, 1, 1),
(19, 'PANTENE SACHETON DUO RISOS DEFINIDOS 18 ML', 'PANTENE SACHETON DUO RISOS DEFINIDOS 18 ML', '2025-01-31', 1.12, 0.00, 24, 1, 1),
(20, 'PANTENE SACHETON DUO HIDRATACION EXTREMA 18 ML', 'PANTENE SACHETON DUO HIDRATACION EXTREMA 18 ML', '2024-12-31', 0.95, 1.50, 10, 1, 1),
(21, 'PANTENE SACHETON DUO SUMMER 18 ML', 'PANTENE SACHETON DUO SUMMER 18 ML', '2024-07-31', 0.95, 0.00, 12, 1, 1),
(22, 'PANTENE SACHETON DUO RESTAURACION 18 ML', 'PANTENE SACHETON DUO RESTAURACION 18 ML', '2024-12-31', 0.95, 0.00, 31, 1, 1),
(23, 'PANTENE SACHETON TRATAMIENTO ANTI FRIZZ 30 ML', 'PANTENE SACHETON TRATAMIENTO ANTI FRIZZ 30 ML', '2024-10-31', 1.18, 0.00, 4, 1, 1),
(24, 'OLD SPICE DESODORANTE BARRA - LEÑA ', 'OLD SPICE DESODORANTE BARRA - LEÑA', '2025-02-28', 10.48, 14.00, 1, 1, 1),
(25, 'OLD SPICE DESODORANTE BARRA - CHAMPION', 'OLD SPICE DESODORANTE BARRA - CHAMPION', '2025-02-28', 10.48, 14.00, 1, 1, 1),
(26, 'OLD SPICE DESODORANTE BARRA - WOLFTHORN', 'OLD SPICE DESODORANTE BARRA - WOLFTHORN', '2025-01-31', 10.48, 14.00, 1, 1, 1),
(27, 'OLD SPICE DESODORANTE SPRAY - WOLFTHORN', 'OLD SPICE DESODORANTE SPRAY - WOLFTHORN', '2025-03-16', 12.76, 18.00, 1, 1, 1),
(28, 'OLD SPICE DESODORANTE SPRAY - LEÑA', 'OLD SPICE DESODORANTE SPRAY - LEÑA', '2025-02-13', 12.76, 18.00, 1, 1, 1),
(29, 'OLD SPICE DESODORANTE SPRAY - CHAMPION', 'OLD SPICE DESODORANTE SPRAY - CHAMPION', '2025-02-03', 12.76, 18.00, 1, 1, 1),
(30, 'NIVEA DESODORANTE BARRA - SENSITIVE PROTEC', 'NIVEA DESODORANTE BARRA - SENSITIVE PROTEC', '2025-04-30', 10.93, 15.50, 1, 1, 1),
(31, 'NIVEA DESODORANTE BARRA - SILVER PROTEC', 'NIVEA DESODORANTE BARRA - SILVER PROTEC', '2025-04-30', 10.93, 15.50, 2, 1, 1),
(32, 'NIVEA DESODORANTE BARRA - BLACK & WHITE', 'NIVEA DESODORANTE BARRA - BLACK & WHITE', '2025-05-31', 10.93, 15.50, 2, 1, 1),
(33, 'NIVEA DESODORANTE BARRA - TONO NATURAL', 'NIVEA DESODORANTE BARRA - TONO NATURAL', '2025-05-31', 10.93, 15.50, 1, 1, 1),
(34, 'NIVEA DESODORANTE ROLL - BLACK CARBON MEN', 'NIVEA DESODORANTE ROLL - BLACK CARBON MEN', '2026-01-19', 9.90, 15.50, 1, 1, 1),
(35, 'NIVEA DESODORANTE ROLL - SILVER PROTEC', 'NIVEA DESODORANTE ROLL - SILVER PROTEC', '2024-10-20', 9.90, 15.50, 1, 1, 1),
(36, 'NIVEA DESODORANTE ROLL - SENSITIVE PROTEC', 'NIVEA DESODORANTE ROLL - SENSITIVE PROTEC', '2025-07-16', 9.90, 15.50, 1, 1, 1),
(37, 'NIVEA DESODORANTE ROLL - MUJER', 'NIVEA DESODORANTE ROLL - MUJER', '2025-05-31', 9.90, 15.50, 3, 1, 1),
(42, 'NIVEA DESODORANTE SPRAY - VARON', 'NIVEA DESODORANTE SPRAY - VARON', '2025-06-23', 11.52, 18.00, 3, 1, 1),
(43, 'NIVEA DESODORANTE SPRAY - MUJER - 150 ML', 'NIVEA DESODORANTE SPRAY - MUJER - 150 ML', '2025-06-30', 11.52, 18.00, 3, 1, 1),
(46, 'NIVEA DESODORANTE SACHET - BLACK & WHITE CLEAR 9G', 'NIVEA DESODORANTE SACHET - BLACK & WHITE CLEAR 9G', '2024-10-30', 1.10, 1.50, 26, 1, 1),
(47, 'NIVEA DESODORANTE SACHET - BLACK & WHITE MEN', 'NIVEA DESODORANTE SACHET - BLACK & WHITE MEN', '2025-06-30', 1.10, 1.50, 18, 1, 1),
(48, 'NIVEA DESODORANTE SACHET - ACLARADO NATURAL 9G', 'NIVEA DESODORANTE SACHET - ACLARADO NATURAL 9G', '2024-04-30', 1.10, 1.50, 8, 1, 1),
(49, 'NIVEA SUN KIDS 60 FPS - SACHET 9G', 'NIVEA SUN KIDS 60 FPS - SACHET 9G', '2024-01-30', 2.08, 3.00, 18, 1, 1),
(50, 'LISTERINE CUIDADO TOTAL 180ML', 'LISTERINE CUIDADO TOTAL 180ML', '2024-10-30', 8.87, 13.00, 1, 1, 1),
(51, 'LISTERINE CONTROL CALCULO 180ML', 'LISTERINE CONTROL CALCULO 180ML', '2025-01-30', 8.90, 13.00, 2, 1, 1),
(52, 'LISTERINE COOL MINT 180ML', 'LISTERINE COOL MINT 180ML', '2025-02-28', 7.04, 10.50, 3, 1, 1),
(53, 'JOHNSONS SHAMPOO 100ML', 'JOHNSONS SHAMPOO 100ML', '2025-02-28', 8.14, 12.00, 6, 1, 1),
(54, 'JOHNSONS TALCO 100 G', 'JOHNSONS TALCO 100 G', '2025-01-30', 8.79, 13.50, 3, 1, 1),
(55, 'JOHNSONS ESTUCHE GRANDE 5 UNID', 'JOHNSONS ESTUCHE GRANDE 5 UNID', '2024-11-30', 41.99, 58.00, 1, 1, 1),
(56, 'JOHNSONS ESTUCHE PEQUEÑO 3 UNID', 'JOHNSONS ESTUCHE PEQUEÑO 3 UNID', '2025-09-30', 18.57, 30.00, 1, 1, 1),
(57, 'JOHNSONS ESTUCHE PEQUEÑO 2 UNID', 'JOHNSONS ESTUCHE PEQUEÑO 2 UNID', '2024-08-30', 16.17, 20.00, 1, 1, 1),
(58, 'PRESTOBARBA VENUS ROSADO', 'PRESTOBARBA VENUS ROSADO', '2026-12-30', 3.95, 8.00, 8, 1, 1),
(59, 'TOALLAS HUMEDAS BABY SEC PREMIUM 50 UNID', 'TOALLAS HUMEDAS BABY SEC PREMIUM 50 UNID', '2025-12-30', 6.00, 9.50, 3, 1, 1),
(60, 'PRESTOBARBA 3 HOJAS GILLETTE ', 'PRESTOBARBA 3 HOJAS GILLETTE ', '2025-12-30', 3.80, 4.50, 21, 1, 1),
(61, 'CEPILLO PRO 2X1 ', 'CEPILLO PRO 2X1 ', '2025-12-30', 7.40, 11.00, 14, 1, 1),
(62, 'CEPILLO ORAL B KITS MIKEY DE 3 AÑOS A MAS ', 'CEPILLO ORAL B KITS MIKEY DE 3 AÑOS  A MAS', '2025-12-30', 3.41, 5.00, 12, 1, 1),
(63, 'CEPILLO ORAL B 1.2.3 ', 'CEPILLO ORAL B 1.2.3', '2025-12-30', 2.30, 3.00, 13, 1, 1),
(64, 'PASTA ORAL B KITS MIKEY - 50 G', 'PASTA ORAL B KITS MIKEY - 50 G', '2024-06-30', 3.18, 5.00, 6, 1, 1),
(65, 'PASTA ORAL B COMPLET 4 EN 1 - 140 G', 'PASTA ORAL B COMPLET 4 EN 1 - 140 G', '2025-02-12', 5.71, 8.50, 6, 1, 1),
(66, 'PASTA ORAL B 1.2.3 ANTICARIES - 60 G', 'PASTA ORAL B 1.2.3 ANTICARIES - 60 G', '2025-12-30', 2.38, 4.50, 6, 1, 1),
(67, 'PASTA ORAL B COMPLET 4 EN 1 - 60 G', 'PASTA ORAL B COMPLET 4 EN 1 - 60 G', '2025-08-30', 3.20, 5.00, 2, 1, 1),
(68, 'PASTA ORAL B 3 D WHITE - 70 G', 'PASTA ORAL B 3 D WHITE - 70 G', '2025-12-30', 5.35, 8.00, 2, 1, 1),
(69, 'VICK VAPORUB 12 G', 'VICK VAPORUB 12 G', '2024-10-30', 2.58, 3.50, 11, 1, 1),
(70, 'VICK VAPORUB 100 G', 'VICK VAPORUB 100 G', '2024-08-30', 15.84, 19.00, 2, 1, 1),
(71, 'JABON JOHMSON ADULTO ROSAS - 110 G', 'JABON JOHMSON ADULTO ROSAS - 110 G', '2025-01-30', 3.16, 5.00, 3, 1, 1),
(72, 'JABON JOHMSON ADULTO ORIGINAL - 110 G', 'JABON JOHMSON ADULTO ORIGINAL - 110 G', '2025-02-28', 3.16, 5.00, 3, 1, 1),
(73, 'JABON JOHMSON ADULTO ORIGINAL - 75 G', 'JABON JOHMSON ADULTO ORIGINAL - 75 G', '2025-11-30', 4.50, 0.00, 12, 1, 1),
(74, 'JABON NEKO ALOE - 125 G', 'JABON NEKO ALOE - 125 G', '2025-12-30', 4.22, 5.00, 4, 1, 1),
(75, 'JABON NEKO EXTRA SUAVE - 125 G', 'JABON NEKO EXTRA SUAVE - 125 G', '2025-12-30', 4.22, 5.00, 4, 1, 1),
(76, 'JABON NEKO EXTRA PROTECCION - 125 G', 'JABON NEKO EXTRA PROTECCION - 125 G', '2025-12-30', 4.22, 5.00, 4, 1, 1),
(77, 'TOALLA HIGIENICA NOSOTRAS ALAS TELA GEL X 10 UNID', 'TOALLA HIGIENICA NOSOTRAS ALAS TELA GEL X 10 UNID', '2026-02-28', 4.12, 5.00, 12, 1, 1),
(78, 'TOALLA HIGIENICA NOSOTRAS INVISIB CLASICA X 10 UNID', 'TOALLA HIGIENICA NOSOTRAS INVISIB CLASICA X 10 UNID', '2026-02-28', 4.12, 6.00, 12, 1, 1),
(79, 'TOALLA HIGIENICA NOSOTRAS INVISIB RAPI GEL X 10 UNID', 'TOALLA HIGIENICA NOSOTRAS INVISIB RAPI GEL X 10 UNID', '2026-02-28', 4.70, 6.00, 12, 1, 1),
(80, 'TOALLA HIGIENICA ALWAYS SECA X 08 UNID', 'TOALLA HIGIENICA ALWAYS SECA X 08 UNID', '2024-02-08', 4.16, 6.00, 12, 1, 1),
(81, 'TOALLA HIGIENICA ALWAYS PROTECTOR DIARIO X 15 UNID', 'TOALLA HIGIENICA ALWAYS PROTECTOR DIARIO X 15 UNID', '2023-12-30', 2.47, 4.00, 6, 1, 1),
(82, 'TOALLA HIGIENICA NOSOTRAS PROTECTOR DIARIO X 15 UNID', 'TOALLA HIGIENICA NOSOTRAS PROTECTOR DIARIO X 15 UNID', '2026-02-28', 0.00, 4.00, 4, 1, 1),
(83, 'TOALLA HIGIENICA ALWAYS NOCTURNO X 08 UNID', 'TOALLA HIGIENICA ALWAYS NOCTURNO X 08 UNID', '2024-01-13', 0.00, 7.00, 1, 1, 1),
(84, 'PAPEL HIGIENICO ELITE DUO PAQUETE X 6 UNID', 'PAPEL HIGIENICO ELITE DUO X 6 UNID X PAQUETE', '2025-12-30', 5.00, 6.50, 16, 1, 1),
(85, 'PAPEL HIGIENICO ELITE CELESTE PAQUETE X 4 UNIDADES ', 'PAPEL HIGIENICO ELITE CELESTE PAQUETE X 4 UNIDADES', '2025-12-30', 3.39, 4.50, 12, 1, 1),
(86, 'PAPEL HIGIENICO ELITE CELESTE PAQUETE X 2 UNIDADES', 'PAPEL HIGIENICO ELITE CELESTE PAQUETE X 2 UNIDADES', '2025-12-30', 0.90, 1.00, 19, 1, 1),
(87, 'TOALLAS HUMEDAS HUGGIES X 16 UNID', 'TOALLAS HUMEDAS HUGGIES X 16 UNID', '2025-03-08', 2.20, 5.00, 6, 1, 1),
(88, 'TOALLAS HUMEDAS HUGGIES ACTIVE FRESCH X 48 UNID', 'TOALLAS HUMEDAS HUGGIES ACTIVE FRESCH X 48 UNID', '2024-06-01', 6.97, 11.00, 3, 1, 1),
(89, 'TOALLAS HUMEDAS HUGGIES ACTIVE FRESCH X 120 UNID', 'TOALLAS HUMEDAS HUGGIES ACTIVE FRESCH X 120 UNID', '2024-05-10', 12.41, 20.00, 3, 1, 1),
(90, 'TOALLAS HUMEDAS HUGGIES CUIDADO 4 EN 1 X 184 UNID', 'TOALLAS HUMEDAS HUGGIES CUIDADO 4 EN 1 X 184 UNID', '2024-11-27', 27.30, 35.00, 1, 1, 1),
(91, 'JABON MONCLER MICELAR - 145 G', 'JABON MONCLER MICELAR - 145 G', '2025-12-30', 3.86, 5.00, 3, 1, 1),
(92, 'TOALLA HIGIENICA KOTEX ULTRA FINA X 10 UNID', 'TOALLA HIGIENICA KOTEX ULTRA FINA X 10 UNID', '2025-02-16', 3.96, 5.00, 5, 1, 1),
(93, 'TOALLA HIGIENICA KOTEX NORMAL X 10 UNID', 'TOALLA HIGIENICA KOTEX NORMAL X 10 UNID', '2025-03-25', 4.07, 5.50, 6, 1, 1),
(94, 'PAÑAL HUGGIES NATURAL CARE XG  PAQUETE X 44 UNID', 'PAÑAL HUGGIES NATURAL CARE XG  PAQUETE X 44 UNID', '2025-03-15', 47.56, 60.00, 2, 1, 1),
(95, 'PAÑAL HUGGIES NATURAL CARE G PAQUETE X 50 UNID', 'PAÑAL HUGGIES NATURAL CARE G PAQUETE X 50 UNID', '2025-01-30', 47.56, 60.00, 2, 1, 1),
(96, 'PAÑAL HUGGIES NATURAL CARE M PAQUETE X 56 UNID', 'PAÑAL HUGGIES NATURAL CARE M PAQUETE X 56 UNID', '2025-03-21', 47.56, 58.00, 2, 1, 1),
(97, 'PAPEL HIGIENICO SUAVE CUIDADO COMPLETO PAQUETE X 6 ', 'PAPEL HIGIENICO SUAVE CUIDADO COMPLETO PAQUETE X 6', '2025-12-30', 5.10, 6.50, 7, 1, 1),
(98, 'LECHE PEDIA SURE 400 G - VAINILLA', 'LECHE PEDIA SURE 400 G - VAINILLA', '2024-12-19', 55.99, 60.00, 1, 1, 1),
(99, 'LECHE PEDIA SURE 900 G - CHOCOLATE', 'LECHE PEDIA SURE 900 G - CHOCOLATE', '2024-06-28', 104.19, 115.00, 1, 1, 1),
(100, 'LECHE BABY LAC PRO 400 G ', 'LECHE BABY LAC PRO 400 G ', '2025-01-29', 49.99, 55.00, 1, 1, 1),
(101, 'LECHE BABY LAC PRO 900 G ', 'LECHE BABY LAC PRO 900 G', '2024-10-14', 99.99, 105.00, 1, 1, 1),
(102, 'LECHE ENFAGROW 375 G', 'LECHE ENFAGROW 375 G', '2024-04-30', 49.39, 55.00, 1, 1, 1),
(103, 'LECHE ENSURE ADVANCE - 400 G - VAINILLA', 'LECHE ENSURE ADVANCE - 400 G - VAINILLA', '2024-03-30', 55.99, 60.00, 1, 1, 1),
(104, 'LECHE ENSURE POLVO CLASICO - 850 G', 'LECHE ENSURE POLVO CLASICO - 850 G', '2024-03-30', 86.49, 95.00, 1, 1, 1),
(105, 'LECHE GERIA PLUS X 100 G - VAINILLA', 'LECHE GERIA PLUS X 100 G - VAINILLA', '2025-01-18', 95.49, 110.00, 1, 1, 1),
(106, 'LECHE GERIA PLUS X 500 G - VAINILLA', 'LECHE GERIA PLUS X 500 G - VAINILLA', '2025-02-08', 65.99, 72.00, 1, 1, 1),
(107, 'COLÀGENO HIDROLIZADO 300 G - BELVS', 'COLÀGENO HIDROLIZADO 300 G - BELVS', '2025-03-30', 43.99, 54.00, 1, 1, 1),
(108, 'COLA MEDIC 230 GRAMOS (COLAGENO + GLUCOSAMINA)', 'COLA MEDIC 230 GRAMOS (COLAGENO + GLUCOSAMINA)', '2026-02-28', 33.99, 44.00, 1, 1, 1),
(109, 'PAÑITOS HÙMEDOS NINET CLASICO X 60 UNID', 'PAÑITOS HÙMEDOS NINET CLASICO X 60 UNID', '2026-04-10', 5.10, 9.00, 3, 1, 1),
(110, 'PAÑITOS HUMEDOS NINET CLASICO X 100 UNID', 'PAÑITOS HUMEDOS NINET CLASICO X 100 UNID', '2026-09-15', 8.29, 11.00, 2, 1, 1),
(111, 'PAÑITOS HUMEDOS NINET CUIDADOS GALLINA X 180 UNID', 'PAÑITOS HUMEDOS NINET CUIDADOS GALLINA X 180 UNID', '2025-04-15', 18.99, 23.00, 1, 1, 1),
(112, 'PAÑITOS HUMEDOS NINET PAO PATROL X 180 UNID', 'PAÑITOS HUMEDOS NINET PAO PATROL X 180 UNID', '2025-02-12', 18.99, 23.00, 1, 1, 1),
(113, 'PASTA DENTAL COLGATE KIDS - 50 G', 'PASTA DENTAL COLGATE KIDS - 50 G', '2024-12-30', 3.29, 4.50, 5, 1, 1),
(114, 'PASTA DENTAL COLGATE TRIPLE ACCION - 75 ML', 'PASTA DENTAL COLGATE TRIPLE ACCION - 75 ML', '2025-02-28', 5.50, 7.50, 6, 1, 1),
(115, 'JABON BARRA NIVEA - 75 G', 'JABON BARRA NIVEA - 75 G', '2025-11-30', 2.54, 3.00, 14, 1, 1),
(116, 'PASTA DENTAL KOLINOS TRIPLE LIMPIEZA - 90 G', 'PASTA DENTAL KOLINOS TRIPLE LIMPIEZA - 90 G', '2024-11-30', 2.75, 3.50, 2, 1, 1),
(117, 'JABON BARRA HENO DE PRAVIA VERDE - 150 G', 'JABON BARRA HENO DE PRAVIA VERDE - 150 G', '2025-07-01', 4.50, 5.00, 11, 1, 1),
(118, 'PASTA DENTAL DENTITO KITS - CHICHA MORADA - 85 G', 'PASTA DENTAL DENTITO KITS - CHICHA MORADA - 85 G', '2025-05-01', 3.38, 4.50, 3, 1, 1),
(119, 'JABON EN BARRA ASEPXIA PIÑA X 100 G', 'JABON EN BARRA ASEPXIA PIÑA X 100 G', '2024-07-30', 11.59, 15.50, 1, 1, 1),
(120, 'PAÑAL NINET TALLA XXL POR 44 UNID ', 'PAÑAL NINET TALLA XXL POR 44 UNID', '2025-10-01', 46.59, 48.00, 4, 1, 1),
(121, 'PAÑAL NINET TALLA XL POR 52 UNID', 'PAÑAL NINET TALLA XL POR 52 UNID', '2025-11-01', 46.59, 48.00, 1, 1, 1),
(122, 'PAÑAL NINET TALLA L POR 64 UNID', 'PAÑAL NINET TALLA L POR 64 UNID', '2025-12-01', 46.59, 48.00, 2, 1, 1),
(123, 'PAÑAL NINET TALLA M POR 72 UNID', 'PAÑAL NINET TALLA M POR 72 UNID', '2025-12-01', 46.59, 1.00, 134, 1, 1),
(124, 'JABON EN BARRA ACNOMEL CARBON X 100 G', 'JABON EN BARRA ACNOMEL CARBON X 100 G', '2024-06-30', 6.99, 8.50, 1, 1, 1),
(125, 'JABON EN BARRA ACNOMEL LIMPIEZA PROFUNDA X 100 G', 'JABON EN BARRA ACNOMEL LIMPIEZA PROFUNDA X 100 G', '2024-07-01', 6.79, 8.50, 1, 1, 1),
(126, 'JABON EN BARRA ACNOMEL PIEL SENSIBLE X 100 G', 'JABON EN BARRA ACNOMEL PIEL SENSIBLE X 100 G', '2024-09-30', 6.79, 8.50, 1, 1, 1),
(127, 'JABON EN BARRA ACNOMEL EXFOLIANTE X 100 G', 'JABON EN BARRA ACNOMEL EXFOLIANTE X 100 G', '2024-04-30', 6.79, 8.50, 1, 1, 1),
(128, 'JABON EN BARRA ASEPXIA AZUFRE X 100 G', 'JABON EN BARRA ASEPXIA AZUFRE X 100 G', '2025-02-01', 8.89, 12.00, 1, 1, 1),
(129, 'JABON EN BARRA ASEPXIA FORTE X 100 G', 'JABON EN BARRA ASEPXIA FORTE X 100 G', '2025-03-30', 8.89, 12.00, 1, 1, 1),
(130, 'JABON EN BARRA ASEPXIA NEUTRO X 100 G', 'JABON EN BARRA ASEPXIA NEUTRO X 100 G', '2025-04-30', 8.89, 12.00, 1, 1, 1),
(131, 'JABON EN BARRA ASEPXIA CARBON X 100 G', 'JABON EN BARRA ASEPXIA CARBON X 100 G', '2025-05-30', 11.29, 15.00, 1, 1, 1),
(132, 'JABON EN BARRA ASEPXIA BICARBONATO X 100 G', 'JABON EN BARRA ASEPXIA BICARBONATO X 100 G', '2023-12-30', 11.39, 15.00, 1, 1, 1),
(133, 'JABON EN BARRA DE GLICERINA GLICI X 150 G', 'JABON EN BARRA DE GLICERINA GLICI X 150 G', '2024-10-30', 3.10, 4.50, 9, 1, 1),
(134, 'HILO DENTAL COLGATE X 25 METROS ', 'HILO DENTAL COLGATE X 25 METROS', '2026-01-01', 8.49, 14.00, 2, 1, 1),
(135, 'HILO DENTAL ORAL B X 50 METROS', 'HILO DENTAL ORAL B X 50 METROS', '2024-11-30', 8.59, 15.00, 2, 1, 1),
(136, 'CEPILLO COLGATE ADULTO CAJA X 14 UNID (PREMIER CLEAN)', 'CEPILLO COLGATE ADULTO CAJA X 14 UNID (PREMIER CLEAN)', '2024-04-01', 2.30, 3.50, 14, 1, 1),
(137, 'CEPILLO KITS PAQ X 2 - TUINIES', 'CEPILLO KITS PAQ X 2 - TUINIES', '2026-03-01', 3.99, 6.00, 4, 1, 1),
(138, 'CEPILLO COLGATE KITS CAJA X 12 UNID', 'CEPILLO COLGATE KITS CAJA X 12 UNID', '2025-06-01', 2.90, 5.00, 12, 1, 1),
(139, 'BIBERON NINET OVALADO ROSA 5OZ', 'BIBERON NINET OVALADO ROSA 5OZ', '2027-11-01', 9.29, 14.00, 1, 1, 1),
(140, 'BIBERON BOCA ANCHA BABY GARDY 15OZ', 'BIBERON BOCA ANCHA BABY GARDY 15OZ', '2026-12-01', 13.99, 24.00, 1, 1, 1),
(141, 'BIBERON BOCA ANCHA BABY GARDY 14OZ', 'BIBERON BOCA ANCHA BABY GARDY 14OZ', '2025-12-01', 11.99, 22.00, 1, 1, 1),
(142, 'BIBERON DE VIDRIO BYWIN 8 OZ', 'BIBERON DE VIDRIO BYWIN 8 OZ', '2024-04-01', 13.49, 27.00, 1, 1, 1),
(143, 'BIBERON DE VIDRIO CILINDRO CON ASAS - TUINIES', 'BIBERON DE VIDRIO CILINDRO CON ASAS - TUINIES', '2025-02-01', 13.59, 28.00, 1, 1, 1),
(144, 'BIBERON NINET ELMO 12 OZ', 'BIBERON NINET ELMO 12 OZ', '2026-07-01', 12.69, 20.00, 1, 1, 1),
(145, 'BIBERON BABY GARDY 09 OZ - TAPA HONGO', 'BIBERON BABY GARDY 09 OZ - TAPA HONGO', '2025-12-30', 11.99, 19.00, 1, 1, 1),
(146, 'BIBERON DISNEY MIKY BABY 08 OZ ', 'BIBERON DISNEY MIKY BABY 08 OZ', '2025-12-30', 13.69, 18.00, 1, 1, 1),
(147, 'HISOPO NOEL 100 UNID X 12', 'HISOPO NOEL 100 UNID X 12', '2026-05-01', 0.90, 2.00, 11, 1, 1),
(148, 'BLOQUEADOR BAHIA 100 SPF CAJA X 20 SACHETS', 'BLOQUEADOR BAHIA 100 SPF CAJA X 20 SACHETS', '2027-03-01', 2.00, 3.00, 20, 1, 1),
(149, 'BLOQUEADOR BAHIA 90 SPF CAJA X 20 SACHETS', 'BLOQUEADOR BAHIA 90 SPF CAJA X 20 SACHETS', '2027-01-01', 1.70, 2.50, 20, 1, 1),
(150, 'BLOQUEADOR BAHIA BEBES 50 SPF CAJA X 20 SACHETS', 'BLOQUEADOR BAHIA BEBES 50 SPF CAJA X 20 SACHETS', '2027-02-01', 1.50, 2.50, 20, 1, 1),
(151, 'AGUA OXIGENADA 120 ML ', 'AGUA OXIGENADA 120 ML', '2028-03-01', 1.12, 2.00, 12, 1, 1),
(152, 'LUBRICANTE LOVE - SACHETS POR 50', 'LUBRICANTE LOVE - SACHETS POR 50', '2024-03-30', 0.82, 1.50, 50, 1, 1),
(153, 'LUBRICANTE LOVE - TUBO POR 50 G', 'LUBRICANTE LOVE - TUBO POR 50 G', '2026-02-01', 13.59, 20.00, 1, 1, 1),
(154, 'MUCOTRIN DILAT - JARABE X 120 ML', 'MUCOTRIN DILAT - JARABE X 120 ML', '2025-11-01', 14.29, 25.00, 2, 1, 1),
(155, 'SAL DE ANDREWS X 100 SOBRES', 'SAL DE ANDREWS X 100 SOBRES', '2024-11-01', 0.50, 0.70, 98, 1, 1),
(156, 'SAL DE ANDREWS TRIPLE ACCION X 90 SOBRES', 'SAL DE ANDREWS TRIPLE ACCION X 90 SOBRES', '2024-11-01', 0.81, 1.00, 90, 1, 1),
(157, 'CHAO ANTIGRIPAL SOBRES 50 X 2', 'CHAO ANTIGRIPAL SOBRES 50 X 2', '2025-01-01', 1.42, 3.00, 50, 1, 1),
(158, 'ANTALGINA 500 MG CAJA X 100 UNID', 'ANTALGINA 500 MG', '2024-05-01', 0.22, 0.80, 200, 1, 1),
(159, 'NEUROBION ', 'NEUROBION', '2024-09-01', 2.10, 3.50, 50, 1, 1),
(160, 'AMIGDAZOL PLUS', 'AMIGDAZOL PLUS', '2025-01-01', 0.40, 1.50, 120, 1, 1),
(161, 'CLAVULAB', 'CLAVULAB', '2024-05-01', 2.36, 4.00, 14, 1, 1),
(162, 'ACICLAV', 'ACICLAV', '2025-10-01', 1.10, 3.50, 14, 1, 1),
(163, 'MUCOASMAT 600 mg', 'MUCOASMAT 600 mg', '2025-02-01', 1.53, 3.50, 30, 1, 1),
(164, 'FENAZOPIRIDINA 100 mg', 'FENAZOPIRIDINA 100 mg', '2026-12-01', 0.20, 0.50, 200, 1, 1),
(165, 'AZO CEFASABAL 100 mg', 'AZO CEFASABAL 100 mg', '2025-01-01', 1.40, 3.00, 100, 1, 1),
(166, 'UROPOL FORTE 200 mg', 'UROPOL FORTE 200 mg', '2024-09-01', 2.18, 3.50, 50, 1, 1),
(167, 'FLUIDASA 200 mg', 'FLUIDASA 200 mg', '2024-12-01', 1.27, 2.50, 30, 1, 1),
(168, 'APRONAX 550 mg', 'APRONAX 550 mg', '2025-06-01', 1.50, 3.00, 59, 1, 1),
(169, 'CERA DENTAL 0.6 G', 'CERA DENTAL 0.6 G', '2026-03-01', 1.20, 3.00, 12, 1, 1),
(170, 'BACTRIM FORTE', 'BACTRIM FORTE', '2024-05-01', 1.10, 2.00, 48, 1, 1),
(171, 'ENTEROGERMINA AMPOLLA 5 ML', 'ENTEROGERMINA AMPOLLA 5 ML', '2024-11-01', 3.70, 6.00, 20, 1, 1),
(172, 'PANADOL JARABE 2 A 11 AÑOS', 'PANADOL JARABE 2 A 11 AÑOS', '2025-12-01', 16.59, 22.00, 1, 1, 1),
(173, 'PANADOL GOTAS 1 A 24 MESES', 'PANADOL GOTAS 1 A 24 MESES', '2024-09-01', 15.45, 22.00, 4, 1, 1),
(174, 'VYTAPYRENA FORTE SOBRE', 'VYTAPYRENA FORTE SOBRE', '2024-11-01', 2.34, 3.50, 50, 1, 1),
(175, 'TEST DE EMBARAZO BABY TEST JUNIOR TIRA', 'TEST DE EMBARAZO BABY TEST JUNIOR TIRA', '2024-04-01', 1.00, 8.00, 20, 1, 1),
(176, 'AMOXILIP 500 MG', 'AMOXILIP 500 MG', '2025-08-01', 0.25, 1.50, 100, 1, 1),
(177, 'ALERGICAL', 'ALERGICAL', '2024-11-01', 1.55, 2.50, 50, 1, 1),
(178, 'AMBROXOL JARABE 30 mg/50 ml', 'AMBROXOL JARABE 30 mg/50 ml', '2026-02-01', 3.79, 10.00, 2, 1, 1),
(179, 'CLOTRIMASOL CREMA 1 %', 'CLOTRIMASOL CREMA 1 %', '2025-11-01', 3.99, 9.00, 2, 1, 1),
(180, 'CICATRICURE GEL CICATRICES Y ESTRIAS 30 G', 'CICATRICURE GEL CICATRICES Y ESTRIAS 30 G', '2025-06-01', 32.99, 45.00, 1, 1, 1),
(181, 'CLAVUNIL SUSPENSION 250 mg x 60 ml', 'CLAVUNIL SUSPENSION 250 mg x 60 ml', '2024-10-01', 19.39, 28.00, 2, 1, 1),
(182, 'DOLOFLAN EXTRA FORTE 400 mg', 'DOLOFLAN EXTRA FORTE 400 mg', '2024-04-01', 1.30, 2.50, 50, 1, 1),
(183, 'HIPOGLOS UNGUENTO 20 g', 'HIPOGLOS UNGUENTO 20 g', '2024-09-01', 18.99, 25.00, 1, 1, 1),
(184, 'ELECTRORAL PEDIATRICO FRESA 500 ml', 'ELECTRORAL PEDIATRICO FRESA 500 ml', '2026-03-01', 6.49, 10.00, 2, 1, 1),
(185, 'HEPABIONTA FORTE 200 grageas', 'HEPABIONTA FORTE 200 grageas', '2026-01-01', 1.90, 3.00, 50, 1, 1),
(186, 'FRASCO DE GOMITAS KIT MULTI VITAMIN X 60 unid', 'FRASCO DE GOMITAS KIT MULTI VITAMIN X 60 unid', '2025-04-01', 26.99, 38.00, 1, 1, 1),
(187, 'FRASCO DE GOMITAS DE ZINC KIT X 70 unid', 'FRASCO DE GOMITAS DE ZINC KIT X 70 unid', '2025-04-01', 25.49, 36.00, 1, 1, 1),
(188, 'ELECTRORAL ADVANCE 500 ml', 'ELECTRORAL ADVANCE 500 ml', '2024-05-01', 7.99, 12.00, 1, 1, 1),
(190, 'MASCARILLA KN 95 FISH SHAPE 3D', 'MASCARILLA KN 95 FISH SHAPE 3D', '2024-12-30', 0.50, 1.00, 19, 1, 1),
(191, 'MASCARILLA KN 95 FISH TYPE 3D', 'MASCARILLA KN 95 FISH TYPE 3D', '2024-12-30', 0.50, 1.00, 20, 1, 1),
(192, 'TAPSIN PLUS NOCHE', 'TAPSIN PLUS NOCHE', '2025-10-28', 1.22, 2.50, 28, 1, 1),
(193, 'TAPSIN PLUS DIA', 'TAPSIN PLUS DIA', '2024-10-28', 1.22, 2.50, 29, 1, 1),
(194, 'GRIPACHECK CAPSULAS', 'GRIPACHECK CAPSULAS', '2024-02-28', 0.70, 1.50, 50, 1, 1),
(195, 'PLIDAN COMPUESTO ', 'PLIDAN COMPUESTO ', '2024-07-28', 0.96, 2.00, 50, 1, 1),
(196, 'PANADOL ANTIGRIPAL NF ', 'PANADOL ANTIGRIPAL NF', '2024-09-28', 2.22, 3.50, 22, 1, 1),
(197, 'PANADOL FORTE ', 'PANADOL FORTE', '2024-09-28', 1.85, 3.00, 26, 1, 1),
(198, 'PARADOLO EXTRA FORTE ', 'PARADOLO EXTRA FORTE', '2025-11-28', 0.30, 1.00, 98, 1, 1),
(199, 'FLATUZYM  ADVANCE', 'FLATUZYM  ADVANCE', '2024-10-28', 0.65, 2.00, 50, 1, 1),
(200, 'KITADOL MIGRAÑA SOBRES DE 40 X 2 ', 'KITADOL MIGRAÑA SOBRES DE 40 X 2', '2025-06-28', 1.14, 2.50, 40, 1, 1),
(201, 'ASPIRINA ULTRA 500 mg', 'ASPIRINA ULTRA 500 mg', '2024-08-28', 0.60, 1.60, 50, 1, 1),
(202, 'DICLOFENACO 50 mg - PORTUGAL', 'DICLOFENACO 50 mg - PORTUGAL', '2024-12-28', 0.10, 0.50, 200, 1, 1),
(203, 'ACETILCISTEINA 200 mg', 'ACETILCISTEINA 200 mg', '2025-03-28', 0.67, 1.50, 50, 1, 1),
(204, 'RANITIDINA 300 mg', 'RANITIDINA 300 mg', '2025-10-28', 0.23, 1.00, 100, 1, 1),
(205, 'CLORFEDAN AMPOLLA 10 mg/ml', 'CLORFEDAN AMPOLLA 10 mg/ml', '2024-05-28', 0.70, 3.50, 10, 1, 1),
(206, 'DEXAMETASONA AMPOLLA 4 mg/2ml', 'DEXAMETASONA AMPOLLA 4 mg/2ml', '2026-01-28', 0.35, 350.00, 100, 1, 1),
(207, 'PLIDOCHECK PLUS 400 mg', 'PLIDOCHECK PLUS 400 mg', '2025-04-28', 0.28, 1.50, 100, 1, 1),
(208, 'TRIO VAL NF', 'TRIO VAL NF', '2025-08-28', 0.45, 1.50, 80, 1, 1),
(209, 'PREDNISONA 20 mg', 'PREDNISONA 20 mg', '2025-01-28', 0.14, 0.50, 100, 1, 1),
(210, 'SALBUTAMOL 4mg', 'SALBUTAMOL 4mg', '2024-12-28', 0.10, 0.50, 100, 1, 1),
(211, 'SILDENAFILO 50 mg', 'SILDENAFILO 50 mg', '2025-11-28', 1.25, 3.00, 6, 1, 1),
(212, 'SILDENAFILO DE 100 mg', 'SILDENAFILO DE 100 mg', '2026-05-28', 1.29, 3.50, 9, 1, 1),
(213, 'ANAFLEX 200 mg', 'ANAFLEX 200 mg', '2024-06-28', 0.85, 2.00, 29, 1, 1),
(214, 'AMOXICILINA /ACIDO CLAVULANICO - PHARMA', 'AMOXICILINA /ACIDO CLAVULANICO - PHARMA', '2026-01-28', 0.80, 2.50, 10, 1, 1),
(215, 'AMOXICILINA /ACIDO CLAVULANICO - PORTUGAL', 'AMOXICILINA /ACIDO CLAVULANICO - PORTUGAL', '2024-12-28', 0.90, 2.50, 10, 1, 1),
(216, 'AMLOPIDINO 5 Mg', 'AMLOPIDINO 5 Mg', '2025-10-28', 0.10, 0.20, 100, 1, 1),
(217, 'AMLOPIDINO 10 Mg', 'AMLOPIDINO 10 Mg', '2025-10-28', 0.10, 0.30, 100, 1, 1),
(218, 'AMOXICILINA /BROMHEXINA NF - PORTUGAL', 'AMOXICILINA /BROMHEXINA NF - PORTUGAL', '2025-02-28', 0.40, 1.00, 100, 1, 1),
(219, 'ASPIRINA 100 mg', 'ASPIRINA 100 mg', '2024-03-28', 0.46, 1.50, 100, 1, 1),
(220, 'GASEOVET MS MASTICABLE', 'GASEOVET MS MASTICABLE', '2024-10-28', 1.00, 2.50, 40, 1, 1),
(221, 'ROWACHOL NF ', 'ROWACHOL NF', '2027-01-28', 1.50, 3.50, 50, 1, 1),
(222, 'PARACETAMOL 500 mg', 'PARACETAMOL 500 mg', '2025-01-28', 0.10, 0.30, 96, 1, 1),
(223, 'SIMETICONA 80 mg', 'SIMETICONA 80 mg', '2026-02-28', 0.25, 0.80, 18, 1, 1),
(224, 'SIMETICONA 40 mg', 'SIMETICONA 40 mg', '2025-01-28', 0.26, 0.50, 30, 1, 1),
(225, 'ACICLOVIR 200 mg', 'ACICLOVIR 200 mg', '2024-04-28', 0.12, 0.50, 99, 1, 1),
(226, 'ACICLOVIR 800 mg', 'ACICLOVIR 800 mg', '2025-05-28', 0.80, 2.00, 10, 1, 1),
(227, 'ACICLOVIR CREMA 5%', 'ACICLOVIR CREMA 5%', '2025-12-28', 1.45, 5.00, 5, 1, 1),
(228, 'ACIDO ACETILSALICILICO 100 mg', 'ACIDO ACETILSALICILICO 100 mg', '2025-10-28', 0.10, 1.00, 100, 1, 1),
(229, 'KETOCONAZOL 200 mg', 'KETOCONAZOL 200 mg', '2025-03-28', 0.18, 1.00, 100, 1, 1),
(230, 'FUROSEMIDA 40 mg', 'FUROSEMIDA 40 mg', '2026-12-28', 0.10, 0.50, 100, 1, 1),
(231, 'HIOSCINA 10 mg', 'HIOSCINA 10 mg', '2024-07-28', 0.33, 1.00, 99, 1, 1),
(232, 'HIBUPROFENO - GENFAR - 800 mg', 'HIBUPROFENO - GENFAR - 800 mg', '2025-04-28', 0.22, 1.00, 50, 1, 1),
(233, 'FLUCONAZOL 150 mg - PORTUGAL', 'FLUCONAZOL 150 mg - PORTUGAL', '2026-03-28', 0.29, 1.00, 98, 1, 1),
(234, 'LANSOPRAZOL 30 mg - PORTUGAL', 'LANSOPRAZOL 30 mg - PORTUGAL', '2026-01-28', 0.29, 1.00, 100, 1, 1),
(235, 'HIBUPROFENO - PORTUGAL - 400 mg', 'HIBUPROFENO - PORTUGAL - 400 mg', '2024-08-28', 0.10, 0.50, 98, 1, 1),
(236, 'ESOMEPRAZOL 20 mg - BONAPHAM', 'ESOMEPRAZOL 20 mg', '2024-06-28', 1.00, 0.00, 30, 1, 1),
(237, 'GRIPA C JUNIOR', 'GRIPA C JUNIOR', '2024-10-28', 0.50, 1.50, 100, 1, 1),
(238, 'BRONCOTRIBACT FORTE - BIOTECH', 'BRONCOTRIBACT FORTE - BIOTECH', '2025-08-28', 0.25, 1.50, 100, 1, 1),
(239, 'SULFAMETOXAZOL + TRIMETOPRIMA 800/160 mg ', 'SULFAMETOXAZOL + TRIMETOPRIMA 800/160 mg ', '2026-11-28', 0.23, 0.50, 100, 1, 1),
(240, 'ANTIGRIPINA PLUS ', 'ANTIGRIPINA PLUS ', '2026-01-28', 0.29, 1.50, 100, 1, 1),
(241, 'ACIDINO MASTICABLE x SOBRE', 'ACIDINO MASTICABLE x SOBRE', '2026-01-28', 0.65, 1.50, 60, 1, 1),
(242, 'TERBINAFINA 250 mg', 'TERBINAFINA 250 mg', '2025-09-28', 0.37, 1.00, 100, 1, 1),
(243, 'URODIFER 100 mg', 'URODIFER 100 mg', '2026-02-28', 0.34, 2.00, 100, 1, 1),
(244, 'MAXIS 10 mg', 'MAXIS 10 mg', '2024-05-28', 2.20, 3.50, 100, 1, 1),
(245, 'AMOXIBIOTECH 500 mg', 'AMOXIBIOTECH 500 mg', '2024-02-28', 0.20, 1.00, 50, 1, 1),
(247, 'ERITROMICINA 500 mg - GENFAR', 'ERITROMICINA 500 mg - GENFAR', '2024-10-28', 0.50, 1.00, 50, 1, 1),
(248, 'SOROJCHI PILLS ', 'SOROJCHI PILLS', '2027-10-28', 2.20, 3.50, 20, 1, 1),
(249, 'SULFACID BALSÀMICO ', 'SULFACID BALSÀMICO', '2025-10-28', 0.36, 1.50, 100, 1, 1),
(250, 'TDN ALLERGY 10 mg', 'TDN ALLERGY 10 mg', '2025-10-28', 0.38, 2.00, 100, 1, 1),
(251, 'CLAVULIPH ', 'CLAVULIPH', '2025-02-28', 1.20, 3.00, 10, 1, 1),
(252, 'PALDOLOR EXTRA FORTE', 'PALDOLOR EXTRA FORTE', '2025-02-28', 0.60, 2.00, 100, 1, 1),
(253, 'HEPADINE FORTE ', 'HEPADINE FORTE', '2025-02-28', 0.64, 2.00, 30, 1, 1),
(254, 'TINIDAZOL 500 mg', 'TINIDAZOL 500 mg', '2024-01-28', 0.66, 150.00, 8, 1, 1),
(255, 'FLUIMICAR 600 mg', 'FLUIMICAR 600 mg', '2025-05-28', 1.25, 3.00, 20, 1, 1),
(256, 'TIBEX 1.5 mg', 'TIBEX 1.5 mg', '2024-05-28', 2.50, 15.00, 7, 1, 1),
(257, 'TIOCTAN PLUS ', 'TIOCTAN PLUS', '2024-07-28', 1.64, 3.00, 50, 1, 1),
(258, 'PALTOMIEL ADULTO 200 ml', 'PALTOMIEL ADULTO 200 ml', '2025-09-29', 17.35, 28.00, 2, 1, 1),
(259, 'PALTOMIEL INFANTIL 125 ml', 'PALTOMIEL INFANTIL 125 ml', '2026-11-28', 15.65, 26.00, 2, 1, 1),
(260, 'REPRIMAN 250 mg/5 ml', 'REPRIMAN 250 mg/5 ml', '2025-03-28', 9.55, 18.00, 2, 1, 1),
(261, 'PARACETAMOL JARABE 120 mg/5 ml', 'PARACETAMOL JARABE 120 mg/5 ml', '2026-03-28', 3.75, 8.50, 2, 1, 1),
(262, 'TOSALBRON INFANTIL JARABE 100 ml', 'TOSALBRON INFANTIL JARABE 100 ml', '2025-06-28', 12.95, 25.00, 1, 1, 1),
(263, 'SULFAMETOXAZOL + TRIMETOPRIMA - JARABE 200 mg ', 'SULFAMETOXAZOL + TRIMETOPRIMA - JARABE 200 mg ', '2026-03-28', 2.95, 8.00, 2, 1, 1),
(264, 'SULFAMETOXAZOL + TRIMETOPRIMA - JARABE 400 mg ', 'SULFAMETOXAZOL + TRIMETOPRIMA - JARABE 400 mg ', '2025-12-28', 3.39, 10.00, 3, 1, 1),
(265, 'SULFAMETOXAZOL + TRIMETOPRIMA + SULFOGUAYACOLATO NF - JARABE 120 mL', 'SULFAMETOXAZOL + TRIMETOPRIMA + SULFOGUAYACOLATO NF - JARABE 120 mL', '2025-01-28', 6.45, 14.00, 2, 1, 1),
(266, 'DICLOXACILINA JARABE 250 mg/5 ml', 'DICLOXACILINA JARABE 250 mg/5 ml', '2024-12-28', 3.69, 9.00, 1, 1, 1),
(267, 'ERITROMICINA JARABE 250 mg/5 ml - PORTUGAL', 'ERITROMICINA JARABE 250 mg/5 ml - PORTUGAL', '2025-10-28', 4.79, 10.00, 2, 1, 1),
(268, 'IBUSOL JARABE 60 ml - portugal', 'IBUSOL JARABE 60 ml - portugal', '2026-02-28', 3.95, 12.00, 2, 1, 1),
(269, 'IBUPROFENO JARABE 60 ml', 'IBUPROFENO JARABE 60 ml', '2026-03-28', 2.35, 8.00, 3, 1, 1),
(270, 'AMOXICILINA JARABE 250 mg/60 ml', 'AMOXICILINA JARABE 250 mg/60 ml', '2026-04-28', 3.85, 10.00, 3, 1, 1),
(271, 'AMOXICILINA JARABE 125 mg/60 ml', 'AMOXICILINA JARABE 125 mg/60 ml', '2025-02-28', 3.15, 9.00, 3, 1, 1),
(272, 'AMOXICILINA + ACIDO CLAVULANICO DE 60 ml  ', 'AMOXICILINA + ACIDO CLAVULANICO DE 60 ml', '2025-04-28', 9.15, 18.00, 2, 1, 1),
(273, 'DEXTROMETORFANO JARABE 120 ml', 'DEXTROMETORFANO JARABE 120 ml', '2026-01-28', 3.50, 10.00, 3, 1, 1),
(274, 'AMOXICILINA + BROMHEXINA JARABE 60 ml', 'AMOXICILINA + BROMHEXINA JARABE 60 ml', '2026-01-28', 4.95, 15.00, 3, 1, 1),
(275, 'CLORFENAMINA MALEATO JARABE  DE 60 ml', 'CLORFENAMINA MALEATO JARABE DE 60 ml', '2026-01-28', 2.25, 8.00, 3, 1, 1),
(276, 'CETIRIZINA JARABE 60 ml', 'CETIRIZINA JARABE 60 ml', '2025-02-28', 2.89, 8.00, 2, 1, 1),
(277, 'LORATADINA JARABE 60 ml', 'LORATADINA JARABE 60 ml', '2025-01-28', 3.45, 9.00, 3, 1, 1),
(278, 'METRONIDAZOL JARABE 60 ml', 'METRONIDAZOL JARABE 60 ml', '2026-02-28', 3.45, 10.00, 2, 1, 1),
(279, 'AZITROMICINA JARABE 200 mg/5 ml', 'AZITROMICINA JARABE 200 mg/ 5 ml', '2026-03-28', 5.85, 14.00, 2, 1, 1),
(280, 'CETIRIZINA JARABE 5Mg/60 ml - FARMIND', 'CETIRIZINA JARABE 5Mg/60 ml - FARMIND', '2024-11-28', 3.25, 9.00, 1, 1, 1),
(281, 'CLARITROMICINA JARABE 250 Mg - 50 ml', 'CLARITROMICINA JARABE 250 Mg - 50 ml', '2026-01-28', 12.45, 20.00, 1, 1, 1),
(282, 'GASEOVET  MS JARABE 220 ml', 'GASEOVET  MS JARABE 220 ml', '2024-11-28', 17.45, 30.00, 2, 1, 1),
(283, 'BRONCOTRIM JARABE 250 mg/60 ml - PORTUGAL', 'BRONCOTRIM JARABE 250 mg/60 ml - PORTUGAL', '2026-01-28', 8.45, 18.00, 2, 1, 1),
(284, 'BRONCO VELAMOX  JARABE 250 mg/60 ml - ANSOLAT', 'BRONCO VELAMOX JARABE 250 mg/60 ml - ANSOLAT', '2026-01-28', 8.99, 20.00, 1, 1, 1),
(285, 'AMBROVAL JARABE 250 mg/60 ML', 'AMBROVAL JARABE 250 mg/60 ML', '2025-09-28', 10.99, 20.00, 1, 1, 1),
(286, 'MUCOCETIL JARABE 100 mg/120 ML', 'MUCOCETIL JARABE 100 mg/120 ML', '2025-12-28', 13.45, 22.00, 1, 1, 1),
(287, 'AZITROMEDIC 200 mg/30 ML', 'AZITROMEDIC 200 mg/30 ML', '2025-11-28', 11.95, 18.00, 1, 1, 1),
(288, 'BRONCO TRIFAMOX JARABE 250 mg/ 60 ML', 'BRONCO TRIFAMOX JARABE 250 mg/ 60 ML', '2024-09-28', 14.95, 22.00, 1, 1, 1),
(289, 'PALATOX FORTE JARABE 120 ML', 'PALATOX FORTE JARABE 120 ML', '2024-12-28', 8.95, 18.00, 2, 1, 1),
(290, 'ANTALGINA JARABE 250 mg/ 60 ML', 'ANTALGINA JARABE 250 mg/ 60 ML', '2024-08-28', 8.99, 15.00, 2, 1, 1),
(291, 'TUKOL D JARABE 120 ML', 'TUKOL D JARABE 120 ML', '2026-02-28', 16.29, 27.00, 2, 1, 1),
(292, 'MEDITOS JARABE 120 ML', 'MEDITOS JARABE 120 ML', '2026-01-28', 11.79, 24.00, 1, 1, 1),
(293, 'TUSSIS-OM JARABE 100 ML', 'TUSSIS-OM JARABE 100 ML', '2025-07-28', 10.95, 21.00, 1, 1, 1),
(294, 'MAGAL D SUSPENSION 200 ML', 'MAGAL D SUSPENSION 200 ML', '2025-09-28', 23.65, 35.00, 1, 1, 1),
(295, 'GASTRORAL JARABE 200 ML', 'GASTRORAL JARABE 200 ML', '2026-02-28', 12.65, 26.00, 2, 1, 1),
(296, 'KIDS NIÑOS JARABE 120 ML', 'KIDS NIÑOS JARABE 120 ML', '2025-01-28', 3.95, 13.00, 3, 1, 1),
(297, 'DEXABRON EXPECTORANTE JARABE 120 ML', 'DEXABRON EXPECTORANTE JARABE 120 ML', '2025-02-28', 12.35, 23.00, 2, 1, 1),
(298, 'ELITON FORTE JARABE 340 ML', 'ELITON FORTE JARABE 340 ML', '2024-11-28', 28.99, 45.00, 1, 1, 1),
(299, 'ELITON CIP AP JARABE 340 ML', 'ELITON CIP AP JARABE 340 ML', '2026-03-28', 25.95, 48.00, 1, 1, 1),
(300, 'ACI BASIC UVA 150 ML', 'ACI BASIC UVA 150 ML', '2025-01-28', 16.29, 28.00, 2, 1, 1),
(301, 'BRONCOPHAR PLUS JARABE 120 ML', 'BRONCOPHAR PLUS JARABE 120 ML', '2026-11-28', 9.99, 22.00, 1, 1, 1),
(302, 'BRONCOBUTOL PLUS JARABE 120 ML', 'BRONCOBUTOL PLUS JARABE 120 ML', '2026-11-28', 9.95, 22.00, 2, 1, 1),
(303, 'ALBENDAZOL SUSPENSION 100 mg/ 5 ml X 2', 'ALBENDAZOL SUSPENSION 100 mg/ 5 ml X 2', '2025-02-28', 3.45, 9.00, 2, 1, 1),
(304, 'MAGACID 150 ML', 'MAGACID 150 ML', '2025-10-28', 13.45, 25.00, 1, 1, 1),
(305, 'LECHE DE MAGNESIA NATURAL 120 ML', 'LECHE DE MAGNESIA NATURAL 120 ML', '2025-07-28', 7.79, 14.00, 2, 1, 1),
(306, 'LECHE DE MAGNESIA KIDSS 120 ML', 'LECHE DE MAGNESIA KIDSS 120 ML', '2025-06-28', 7.99, 15.00, 2, 1, 1),
(307, 'ENTEROPHAR FORTE 120 ML', 'ENTEROPHAR FORTE 120 ML', '2025-12-28', 9.99, 20.00, 1, 1, 1),
(308, 'REPRIMAN GOTAS 10 ML - QUILAB', 'REPRIMAN GOTAS 10 ML - QUILAB', '2024-11-28', 8.29, 15.00, 2, 1, 1),
(309, 'FLORIL GOTAS OFTALMICAS 8 ML', 'FLORIL GOTAS OFTALMICAS 8 ML', '2025-09-28', 6.99, 14.00, 3, 1, 1),
(310, 'GASEOVET FORTE GOTAS 100 mg/15 ML', 'GASEOVET FORTE GOTAS 100 mg/15 ML', '2024-11-28', 20.45, 28.00, 2, 1, 1),
(311, 'BIO BISMUTO JARABE 150 ML', 'BIO BISMUTO JARABE 150 ML', '2025-02-28', 8.55, 17.00, 2, 1, 1),
(312, 'BISMUALIV JARABE 150 ML', 'BISMUALIV JARABE 150 ML', '2026-03-20', 7.29, 15.00, 2, 1, 1),
(313, 'BISMUCAR FRESA JARABE 150 ML', 'BISMUCAR FRESA JARABE 150 ML', '2024-12-28', 9.85, 20.00, 1, 1, 1),
(314, 'BISMUTOL JARABE 150 ML', 'BISMUTOL JARABE 150 ML', '2025-01-28', 15.95, 25.00, 1, 1, 1),
(315, 'BRONCOMEXINA 250 MG/ 60 ML', 'BRONCOMEXINA 250 MG/ 60 ML', '2025-11-28', 8.95, 18.00, 1, 1, 1),
(316, 'BACTEROL BALSAMICO 50 ML', 'BACTEROL BALSAMICO 50 ML', '2025-10-28', 8.99, 20.00, 1, 1, 1),
(317, 'BACTEROL FORTE 400 mg /50 ML', 'BACTEROL FORTE 400 mg /50 ML', '2024-05-28', 7.45, 18.00, 1, 1, 1),
(318, 'BACTEROL INFANTIL 200 mg/60 ML', 'BACTEROL INFANTIL 200 mg/60 ML', '2024-11-28', 8.99, 20.00, 1, 1, 1),
(319, 'ABRIMED JARABE 120 ML', 'ABRIMED JARABE 120 ML', '2024-11-28', 8.99, 20.00, 2, 1, 1),
(320, 'CLOBULER JARABE 5ML', 'CLOBULER JARABE 5 ML', '2026-04-28', 7.35, 18.00, 1, 1, 1),
(321, 'TOSALBRON NF ADULTO JARABE 100 ML', 'TOSALBRON NF ADULTO JARABE 100 ML', '2025-06-28', 12.95, 25.00, 1, 1, 1),
(322, 'MEBENDAZOL SUSPENSION 30 ML', 'MEBENDAZOL SUSPENSION 30 ML', '2027-02-28', 2.59, 7.00, 2, 1, 1),
(323, 'PIRANTEL SUSPENSION 250 MG/15 ML ', 'PIRANTEL SUSPENSION 250 MG/15 ML ', '2024-10-28', 4.79, 9.00, 2, 1, 1),
(324, 'KIDS NIÑOS JARABE 90 ML', 'KIDS NIÑOS JARABE 90 ML', '2025-01-28', 3.85, 13.00, 2, 1, 1),
(325, 'PIRALGINA JARABE 50 ML', 'PIRALGINA JARABE 50 ML', '2026-08-28', 7.75, 15.00, 2, 1, 1),
(326, 'DOLOL JARABE 60 ML', 'DOLOL JARABE 60 ML', '2026-11-28', 4.75, 15.00, 2, 1, 1),
(327, 'LACTUOSA JARABE 100 ML', 'LACTUOSA JARABE 100 ML', '2024-02-28', 7.19, 15.00, 1, 1, 1),
(328, 'DEXAVET JARABE 100 ML', 'DEXAVET JARABE 100 ML', '2024-12-28', 9.99, 18.00, 1, 1, 1),
(329, 'FERRANIN JARABE 100 ML', 'FERRANIN JARABE 100 ML', '2025-11-28', 28.45, 39.00, 2, 1, 1),
(330, 'BIOLERGAN JARABE 120 ML', 'BIOLERGAN JARABE 120 ML', '2026-08-28', 7.65, 15.00, 1, 1, 1),
(331, 'DESCONGEST NF JARABE 60 ML', 'DESCONGEST NF JARABE 60 ML', '2024-11-28', 9.99, 20.00, 1, 1, 1),
(332, 'ALERGILAB JARABE 60 ML', 'ALERGILAB JARABE 60 ML', '2026-01-28', 9.99, 28.00, 1, 1, 1),
(333, 'DAMICOCYN 1.5 MG', 'DAMICOCYN 1.5 MG', '2024-03-28', 1.65, 11.00, 5, 1, 1),
(334, 'DOLOTERALGEX 2% GEL 50 G', 'DOLOTERALGEX 2% GEL 50 G', '2024-12-28', 9.95, 20.00, 1, 1, 1),
(335, 'CLOBETASOL CREMA 0.05 %', 'CLOBETASOL CREMA 0.05 %', '2025-04-28', 2.65, 9.00, 1, 1, 1),
(336, 'DICLOFENACO AMPOLLA 75 MG/3ML', 'DICLOFENACO AMPOLLA 75 MG/3ML', '2025-04-28', 0.40, 2.50, 50, 1, 1),
(337, 'TERMOMETRO DIGITAL ', 'TERMOMETRO DIGITAL', '2029-01-28', 5.79, 15.00, 3, 1, 1),
(338, 'VITAMINA E CAPSULA DE 400 M', 'VITAMINA E CAPSULA DE 400 M', '2026-01-28', 0.30, 1.00, 49, 1, 1),
(339, 'KETOROLACO AMPOLLA 30 MG', 'KETOROLACO AMPOLLA 30 MG', '2025-10-28', 1.10, 7.00, 25, 1, 1),
(340, 'AMPICILINA 500 MG', 'AMPICILINA 500 MG', '2026-03-28', 0.24, 0.80, 100, 1, 1),
(341, 'PANADOL EFERVESCENTE ', 'PANADOL EFERVESCENTE', '2026-02-28', 1.10, 3.00, 24, 1, 1),
(342, 'QUEMACURAN GEL 1% - 20 g', 'QUEMACURAN GEL 1% - 20 g', '2024-12-28', 6.75, 18.00, 2, 1, 1),
(343, 'PROFEKET GEL 2.5%', 'PROFEKET GEL 2.5%', '2025-08-28', 10.95, 20.00, 2, 1, 1),
(344, 'AERO-SIM GOTAS - ANIS 80 mg/15ML', 'AERO-SIM GOTAS - ANIS 80 mg/15ML', '2025-10-28', 8.50, 18.00, 2, 1, 1),
(345, 'ANEMIUS GOTAS 20 ML', 'ANEMIUS GOTAS 20 ML', '2024-07-28', 16.99, 30.00, 1, 1, 1),
(346, 'CANESTEM CREMA DERMICA 20g', 'CANESTEM CREMA DERMICA 20g', '2024-06-28', 10.45, 25.00, 2, 1, 1),
(347, 'DERMAZOL PLUS CREMA 10g', 'DERMAZOL PLUS CREMA 10g', '2024-09-28', 5.09, 15.00, 1, 1, 1),
(348, 'HIRUFLAM FORTE CREMA 20g', 'HIRUFLAM FORTE CREMA 20g', '2025-02-28', 5.95, 16.00, 2, 1, 1),
(349, 'KETOCONAZOL CREMA 2%', 'HIRUFLAM FORTE CREMA 20g', '2025-10-28', 1.69, 9.00, 2, 1, 1),
(350, 'CLOTRIMAZOL GOTAS 1% - 20ml', 'CLOTRIMAZOL GOTAS 1% - 20ml', '2026-01-28', 1.95, 9.00, 2, 1, 1),
(351, 'GENTAMICINA GOTAS OFTALMICAS 0,3% - 5 ml', 'GENTAMICINA GOTAS OFTALMICAS 0,3% - 5 ml', '2025-05-28', 3.65, 10.00, 2, 1, 1),
(352, 'OTIDOL NF GOTA OTICA 5ml', 'OTIDOL NF GOTA OTICA 5ml', '2025-09-28', 9.50, 18.00, 1, 1, 1),
(353, 'RHINO-BB GOTAS 0,9% - 15ml', 'RHINO-BB GOTAS 0,9% - 15ml', '2024-10-28', 7.85, 15.00, 2, 1, 1),
(354, 'EYEMO GOTAS X 8ml', 'EYEMO GOTAS X 8ml', '2025-10-28', 6.19, 15.00, 2, 1, 1),
(355, 'DICLOFENACO GEL 1% - 50 g', 'DICLOFENACO GEL 1% - 50 g', '2024-09-28', 3.85, 10.00, 2, 1, 1),
(356, 'TERBINAFINA CREMA 1% - 20g', 'TERBINAFINA CREMA 1% - 20g', '2026-01-28', 2.95, 9.00, 2, 1, 1),
(357, 'ROXTIL B CREMA 20 g', 'ROXTIL B CREMA 20 g', '2025-12-28', 6.19, 15.00, 2, 1, 1),
(358, 'BETAMETASONA CREMA 0,05% - 20 g', 'BETAMETASONA CREMA 0,05% - 20 g', '2025-10-28', 1.95, 7.00, 2, 1, 1),
(359, 'NOTIZOL B CREMA 10g', 'NOTIZOL B CREMA 10g', '2025-01-28', 3.65, 12.00, 2, 1, 1),
(360, 'DICLOFENACO GEL 1% - 20 g', 'DICLOFENACO GEL 1% - 20 g', '2027-04-28', 2.45, 9.00, 2, 1, 1),
(361, 'BEXADERM CREMA 20 g', 'BEXADERM CREMA 20 g', '2025-10-28', 3.99, 10.00, 2, 1, 1),
(362, 'METACAIN GEL 2% -30 g', 'METACAIN GEL 2% -30 g', '2025-03-28', 9.45, 20.00, 1, 1, 1),
(363, 'METAMIZOL GOTAS 10 ml', 'METAMIZOL GOTAS 10 ml', '2025-11-28', 2.95, 10.00, 2, 1, 1),
(364, 'METROFEM OVULOS', 'METROFEM OVULOS', '2025-09-28', 1.64, 4.00, 10, 1, 1),
(365, 'KETOPROFENO TABLETA 100mg', 'KETOPROFENO TABLETA 100mg', '2025-01-28', 0.30, 1.00, 30, 1, 1),
(366, 'KETOROLACO TABLETA 10mg - PORTUGAL', 'KETOROLACO TABLETA 10mg - PORTUGAL', '2025-07-28', 0.10, 0.50, 100, 1, 1),
(367, 'GLIBENCLAMIDA TABLETA 5mg - PORTUGAL', 'GLIBENCLAMIDA TABLETA 5mg - PORTUGAL', '2024-07-28', 0.10, 0.50, 100, 1, 1),
(368, 'EVITTA 1.5mg', 'EVITTA 1.5mg', '2026-09-28', 2.59, 18.00, 3, 1, 1),
(369, 'ALERLIV TABLETA 5mg', 'ALERLIV TABLETA 5mg', '2026-01-28', 0.20, 1.00, 30, 1, 1),
(370, 'BUSCAPINA COMPOSITUM TABLETA', 'BUSCAPINA COMPOSITUM TABLETA', '2025-11-28', 1.00, 2.50, 50, 1, 1),
(371, 'CIRUELAX FORTE TABLETA', 'CIRUELAX FORTE TABLETA', '2024-12-28', 0.89, 2.50, 49, 1, 1),
(372, 'BIO ELECTRO TABLETA', 'BIO ELECTRO TABLETA', '2024-06-28', 0.68, 2.50, 50, 1, 1),
(373, 'CLARITROMICINA TABLETA 500mg', 'CLARITROMICINA TABLETA 500mg', '2025-03-28', 0.80, 1.50, 50, 1, 1),
(374, 'CEFALEXINA CAPSULA 500 mg', 'CEFALEXINA CAPSULA 500 mg', '2025-05-28', 0.30, 1.00, 100, 1, 1),
(375, 'CAPTOPRIL TABLETA 25 mg - PORTUGAL', 'CAPTOPRIL TABLETA 25 mg - PORTUGAL', '2025-06-28', 0.10, 0.30, 100, 1, 1),
(376, 'MEBENDAZOL TABLETA 100 mg', 'MEBENDAZOL TABLETA 100 mg', '2025-11-28', 0.10, 0.50, 100, 1, 1),
(377, 'NIKZON TABLETAS MASTICABLES', 'NIKZON TABLETAS MASTICABLES', '2024-06-28', 1.00, 2.50, 45, 1, 1),
(378, 'MEDRAVOL TABLETA 50mg', 'MEDRAVOL TABLETA 50mg', '2025-06-28', 0.18, 1.00, 100, 1, 1),
(379, 'FURAZOLIDONA TABLETA 100mg - PORTUGAL', 'FURAZOLIDONA TABLETA 100mg - PORTUGAL', '2025-08-28', 0.10, 0.50, 100, 1, 1),
(380, 'ESOMEPRAZOL TABLETA 40mg - BONAP', 'ESOMEPRAZOL TABLETA 40mg - BONAP', '2024-10-22', 0.40, 1.00, 30, 1, 1),
(381, 'GEMFIBROZILO TABLETA 600mg', 'GEMFIBROZILO TABLETA 600mg', '2024-10-28', 0.40, 1.00, 20, 1, 1),
(382, 'BISMUTOL TABLETA MASTICABLE x SOBRE ', 'BISMUTOL TABLETA MASTICABLE x SOBRE ', '2026-03-28', 0.50, 2.00, 40, 1, 1),
(383, 'BIO BRONCOL CAPSULA - IQFARMA', 'BIO BRONCOL CAPSULA - IQFARMA', '2026-01-28', 1.30, 2.50, 25, 1, 1),
(384, 'BISMUALIV TABLETA MASTICABLE ', 'BISMUALIV TABLETA MASTICABLE ', '2025-05-28', 0.20, 1.00, 157, 1, 1),
(385, 'DIGERMIN AMPOLLA BEBIBLE 5ml', 'DIGERMIN AMPOLLA BEBIBLE 5ml', '2024-11-28', 1.30, 5.00, 10, 1, 1),
(386, 'AB BRONCOL AMPOLLA 1200mg', 'AB BRONCOL AMPOLLA 1200mg', '2027-01-28', 20.85, 35.00, 1, 1, 1),
(387, 'CAFAZOLBAC AMPOLLA 1g', 'CAFAZOLBAC AMPOLLA 1g', '2024-08-28', 4.99, 25.00, 1, 1, 1),
(388, 'METFEVRIL AMPOLLA 1g', 'METFEVRIL AMPOLLA 1g', '2025-07-28', 1.10, 6.00, 10, 1, 1),
(389, 'LIDOCAINA AMPOLLA 2%', 'LIDOCAINA AMPOLLA 2%', '2025-07-28', 3.45, 10.00, 2, 1, 1),
(390, 'CYCLOFEMINA AMPOLLA MENSUAL ', 'CYCLOFEMINA AMPOLLA MENSUAL ', '2026-08-28', 7.99, 25.00, 2, 1, 1),
(391, 'CLINOMIN/AMPOLLA MENSUAL', 'CLINOMIN/AMPOLLA MENSUAL', '2025-09-28', 10.25, 28.00, 2, 1, 1),
(392, 'CLINOTRIM 3/AMPOLLA DE 3 MESES', 'CLINOTRIM 3/AMPOLLA DE 3 MESES', '2024-05-28', 15.95, 30.00, 2, 1, 1),
(393, 'CETRIAXONA AMPOLLA 1g', 'CETRIAXONA AMPOLLA 1g', '2024-05-28', 1.40, 7.00, 10, 1, 1),
(394, 'CORTAFAN NF CAPSULA 200 mg ', 'CORTAFAN NF CAPSULA 200 mg', '2024-10-28', 0.63, 1.50, 50, 1, 1),
(395, 'DEXALOR PLUS TABLETA', 'DEXALOR PLUS TABLETA', '2025-02-28', 1.30, 2.50, 50, 1, 1),
(396, 'ANTIHISTAMIN TABLETA 4 mg - IQ FARMA', 'ANTIHISTAMIN TABLETA 4 mg - IQ FARMA', '2024-03-28', 0.10, 1.00, 200, 1, 1),
(397, 'DOLO-NEUROPRESS FORTE TABLETA', 'DOLO-NEUROPRESS FORTE TABLETA', '2026-03-28', 0.60, 2.00, 60, 1, 1),
(398, 'MULTIBIOTICOS MIEL/CARAMELO x SOBRE', 'MULTIBIOTICOS MIEL/CARAMELO x SOBRE', '2025-02-28', 2.44, 3.50, 24, 1, 1),
(399, 'GLORANTA MENTA /CARAMELO x SOBRE', 'GLORANTA MENTA /CARAMELO x SOBRE', '2025-01-28', 2.00, 3.00, 25, 1, 1),
(400, 'COMPLEJO B FORTE - CAPSULA', 'COMPLEJO B FORTE - CAPSULA', '2025-04-28', 0.35, 1.00, 100, 1, 1),
(401, 'AGUA DE AZAHAR 120ml', 'AGUA DE AZAHAR 120ml', '2025-05-28', 0.83, 2.00, 12, 1, 1),
(402, 'ACEITE DE RICINO 30 ml', 'ACEITE DE RICINO 30 ml', '2025-08-27', 1.10, 2.00, 12, 1, 1),
(403, 'ACEITE ROSADO 30ml', 'ACEITE ROSADO 30ml', '2025-08-17', 0.90, 2.00, 12, 1, 1),
(404, 'ACEITE DE COCO 30 ml', 'ACEITE DE COCO 30 ml', '2026-02-28', 0.90, 2.00, 12, 1, 1),
(405, 'JERINGA DESCARTABLE 5ML', 'JERINGA DESCARTABLE 5ML', '2026-05-28', 0.20, 0.50, 103, 1, 1),
(406, 'DESCONGEST NF ANTIGRIPAL - UNITOMA', 'DESCONGEST NF ANTIGRIPAL - UNITOMA', '2024-11-28', 0.70, 2.00, 60, 1, 1),
(407, 'DEXTROMEMETORFANO FORTE - UNITOMA', 'DEXTROMEMETORFANO FORTE - UNITOMA', '2024-12-28', 0.70, 2.00, 60, 1, 1),
(408, 'DEXAVET - UNITOMA', 'DEXAVET - UNITOMA', '2024-12-28', 0.65, 2.00, 58, 1, 1),
(409, 'AGUJA DESCARTABLE  21G - 11/2', 'AGUJA DESCARTABLE  21G - 11/2', '2027-05-15', 0.10, 0.30, 100, 1, 1),
(410, 'FAMILIA 28 - ANTICONCEPTIVAS', 'FAMILIA 28 - ANTICONCEPTIVAS', '2025-06-28', 7.25, 18.00, 2, 1, 1),
(411, 'DIVINA 28 - ANTICONCEPTIVA', 'DIVINA 28 - ANTICONCEPTIVA', '2025-05-28', 3.20, 15.00, 2, 1, 1),
(412, 'GUANTES DE EXAMEN TALLA M x PAR', 'GUANTES DE EXAMEN TALLA M', '2027-05-02', 0.30, 1.00, 50, 1, 1),
(413, 'CLOTRIMAZOL - OVULO 500mg - PORTUGAL', 'CLOTRIMAZOL - OVULO 500mg - PORTUGAL', '2025-05-28', 0.55, 3.00, 10, 1, 1),
(414, 'ATORVASTATINA 10 mg - PORTUGAL', 'ATORVASTATINA 10 mg - PORTUGAL', '2025-05-28', 0.10, 0.50, 100, 1, 1),
(415, 'ATORVASTATINA 20 mg - PORTUGAL', 'ATORVASTATINA 20 mg - PORTUGAL', '2026-01-28', 0.13, 0.80, 100, 1, 1),
(416, 'MENTHOLATUM - CARAMELO x SOBRE', 'MENTHOLATUM - CARAMELO x SOBRE', '2025-03-28', 0.51, 2.00, 20, 1, 1),
(417, 'CELECOXIB CAPSULA 200mg - PORTUGAL', 'CELECOXIB CAPSULA 200mg - PORTUGAL', '2026-01-28', 0.20, 1.00, 100, 1, 1),
(418, 'CETIRIZINA TABLETA 10mg - PORTUGAL', 'CETIRIZINA TABLETA 10mg - PORTUGAL', '2025-10-28', 0.10, 0.30, 100, 1, 1),
(419, 'CLINDAMICINA CAPSULA 300mg - PORTUGAL', 'CLINDAMICINA CAPSULA 300mg - PORTUGAL', '2025-12-28', 0.40, 1.00, 100, 1, 1),
(420, 'CALTRACID - D/ TABLETA  - PORTUGAL', 'CALTRACID - D/ TABLETA  - PORTUGAL', '2025-10-28', 0.25, 0.40, 30, 1, 1),
(421, 'AZITROMICINA TABLETA 500mg - MEDROCK', 'AZITROMICINA TABLETA 500mg - MEDROCK', '2026-06-28', 0.70, 1.50, 30, 1, 1),
(422, 'ATORVASTATINA TABLETA 40 mg - LABOGEN', 'ATORVASTATINA TABLETA 40 mg - LABOGEN', '2026-02-28', 0.30, 1.00, 100, 1, 1),
(423, 'CIPROFLOXACINO TABLETA 500mg - IQFARMA', 'CIPROFLOXACINO TABLETA 500mg - IQFARMA', '2026-11-28', 0.20, 1.00, 89, 1, 1),
(424, 'REPRIMAN TABLETA  500mg - QUILAB', 'REPRIMAN TABLETA  500mg - QUILAB', '2025-01-28', 0.20, 1.00, 100, 1, 1),
(425, 'MAGNESOL NARANJA EFERVESCENTE', 'MAGNESOL NARANJA EFERVESCENTE', '2024-11-28', 0.90, 1.50, 33, 1, 1),
(426, 'NITAZOXANIDA TABLETA 500 mg', 'NITAZOXANIDA TABLETA 500 mg', '2024-11-28', 1.14, 2.00, 6, 1, 1),
(427, 'MIODEL RELAX NF TABLETA', 'MIODEL RELAX NF TABLETA', '2026-04-28', 0.80, 2.50, 50, 1, 1),
(428, 'ORFENADRINA CITRATO TABLETA 100mg - FARMIND', 'ORFENADRINA CITRATO TABLETA 100mg - FARMIND', '2024-10-28', 0.25, 1.00, 100, 1, 1),
(429, 'LINCOMICINA CAPSULA 500 mg - FARMIND', 'LINCOMICINA CAPSULA 500 mg - FARMIND', '2025-10-28', 0.60, 1.50, 20, 1, 1),
(430, 'LOPERAMIDA TABLETA 2mg - PORTUGAL', 'LOPERAMIDA TABLETA 2mg - PORTUGAL', '2025-12-28', 0.10, 0.50, 100, 1, 1),
(431, 'TOBAFAN FORTE TABLETA 2mg ', 'TOBAFAN FORTE TABLETA 2mg ', '2024-08-28', 0.60, 1.50, 100, 1, 1),
(432, 'LIPSALIV - MANTEQUILLA DE CACAO', 'LIPSALIV - MANTEQUILLA DE CACAO', '2026-11-28', 0.20, 0.35, 100, 1, 1),
(433, 'MELOXICAN TABLETA 15mg - PORTUGAL', 'MELOXICAN TABLETA 15mg - PORTUGAL', '2025-11-28', 0.10, 0.50, 100, 1, 1),
(434, 'METFORMINA TABLETA 850 mg - PORTUGAL', 'METFORMINA TABLETA 850 mg - PORTUGAL', '2024-01-28', 0.10, 0.50, 100, 1, 1),
(435, 'METRONIDAZOL TABLETA  500 mg - PORTUGAL', 'METRONIDAZOL TABLETA  500 mg - PORTUGAL', '2025-12-28', 0.11, 0.50, 100, 1, 1),
(436, 'NAPROXENO TABLETA 275 mg - PORTUGAL', 'NAPROXENO TABLETA 275 mg - PORTUGAL', '2025-05-28', 0.14, 0.50, 100, 1, 1),
(437, 'NAPROXENO TABLETA 550 mg - PORTUGAL', 'NAPROXENO TABLETA 550 mg - PORTUGAL', '2025-11-28', 0.30, 0.80, 97, 1, 1),
(438, 'OMEPRAZOL CAPSULA 20 mg - PORTUGAL', 'OMEPRAZOL CAPSULA 20 mg - PORTUGAL', '2026-01-28', 0.10, 0.50, 100, 1, 1),
(439, 'MAGNESOL CLASICO EFERVESCENTE 2g ', 'MAGNESOL CLASICO EFERVESCENTE 2g ', '2025-06-28', 0.70, 1.30, 33, 1, 1),
(440, 'LORATADINA TABLETA 10 mg - PORTUGAL', 'LORATADINA TABLETA 10 mg - PORTUGAL', '2025-08-28', 0.10, 0.30, 100, 1, 1),
(441, 'NASTIZOL JUNIOR NF ANTIGRIPAL', 'NASTIZOL JUNIOR NF ANTIGRIPAL', '2024-10-28', 0.70, 1.50, 75, 1, 1),
(442, 'LOSARTAN TABLETA 50 mg - PORTUGAL', 'LOSARTAN TABLETA 50 mg - PORTUGAL', '2025-12-28', 0.10, 0.50, 100, 1, 1),
(443, 'NASTIZOL COMPOSITUM NF ANTIGRIPAL TABLETA', 'NASTIZOL COMPOSITUM NF ANTIGRIPAL TABLETA', '2024-05-28', 0.70, 1.50, 99, 1, 1),
(444, 'DESLORATADINA TABLETA 5mg - PORTUGAL', 'DESLORATADINA TABLETA 5mg - PORTUGAL', '2024-11-28', 0.10, 0.30, 100, 1, 1),
(445, 'DESENFRIOL ANTIGRIPAL TABLETA ', 'DESENFRIOL ANTIGRIPAL TABLETA ', '2025-11-28', 1.13, 2.00, 24, 1, 1),
(446, 'DIBROLAX TABLETA 5mg', 'DIBROLAX TABLETA 5mg', '2025-01-28', 0.93, 2.00, 10, 1, 1),
(447, 'CLORANFENICOL CAPSULA 500 mg - PORTUGAL', 'CLORANFENICOL CAPSULA 500 mg - PORTUGAL', '2025-10-28', 0.46, 1.00, 100, 1, 1),
(448, 'CLORFENAMINA TABLETA 4mg - PORTUGAL', 'CLORFENAMINA TABLETA 4mg - PORTUGAL', '2025-11-28', 0.10, 0.25, 98, 1, 1),
(449, 'DEXAMETASONA TABLETA 4mg - LABOGEN', 'DEXAMETASONA TABLETA 4mg - LABOGEN', '2024-09-28', 0.12, 0.50, 100, 1, 1),
(450, 'DEXAMETASONA TABLETA 0.05 mg - PORTUGAL', 'DEXAMETASONA TABLETA 0.05 mg - PORTUGAL', '2025-06-28', 0.10, 0.25, 100, 1, 1),
(451, 'DESAZONA TABLETA 4 mg - PORTUGAL ', 'DESAZONA TABLETA 4 mg - PORTUGAL ', '2026-01-28', 0.10, 1.00, 100, 1, 1),
(452, 'DICLOXACILINA CAPSULA 500 mg - IQFARMA', 'DICLOXACILINA CAPSULA 500 mg - IQFARMA', '2026-02-28', 0.30, 1.00, 100, 1, 1),
(453, 'DIMENHIDRINATO TABLETA  50 mg - PORTUGAL', 'DIMENHIDRINATO TABLETA  50 mg - PORTUGAL', '2026-01-28', 0.10, 0.50, 100, 1, 1),
(454, 'DOLOCORDRALAN EXTRA FORTE TABLETA ', 'DOLOCORDRALAN EXTRA FORTE TABLETA ', '2026-01-28', 1.30, 2.50, 25, 1, 1),
(455, 'DOXICICLINA CAPSULA 100 mg - PORTUGAL', 'DOXICICLINA CAPSULA 100 mg - PORTUGAL', '2026-02-28', 0.17, 0.50, 100, 1, 1),
(456, 'ENALAPRIL TABLETA 10 mg - PORTUGAL', 'ENALAPRIL TABLETA 10 mg - PORTUGAL', '2024-07-28', 0.10, 0.30, 100, 1, 1),
(457, 'ENALAPRIL TABLETA 20 mg - PORTUGAL', 'ENALAPRIL TABLETA 20 mg - PORTUGAL\r\n', '2025-03-28', 0.10, 0.40, 100, 1, 1),
(458, 'COMPLEJO B CAPSULA - PORTUGAL', 'COMPLEJO B CAPSULA - PORTUGAL', '2026-02-28', 0.10, 0.30, 290, 1, 1),
(459, 'DICLOFENACO TABLETA 100 mg - IQFARMA', 'DICLOFENACO TABLETA 100 mg - IQFARMA', '2026-02-28', 0.45, 1.00, 20, 1, 1),
(460, 'COMTREX ANTIGRIPAL DIA x SOBRE', 'COMTREX ANTIGRIPAL DIA x SOBRE', '2024-09-28', 0.92, 2.00, 60, 1, 1),
(461, 'COMTREX ANTIGRIPAL NOCHE x SOBRE', 'COMTREX ANTIGRIPAL NOCHE x SOBRE', '2024-11-28', 0.92, 2.00, 60, 1, 1),
(462, 'CURITAS - VENDITAS', 'CURITAS - VENDITAS', '2026-05-28', 0.04, 0.10, 100, 1, 1),
(463, 'BACTAMOX CAPSULA 500mg - OQFARMA', 'BACTAMOX CAPSULA 500mg - OQFARMA', '2025-01-28', 0.19, 1.50, 100, 1, 1),
(464, 'BRONCO AMOXICLIN SUSPENSION 60ml', 'BRONCO AMOXICLIN SUSPENSION 60ml', '2026-01-28', 11.99, 20.00, 2, 1, 1),
(465, 'PRESERVATIVO PIEL CON AROS', 'PRESERVATIVO PIEL CON AROS', '2026-07-28', 1.91, 4.50, 12, 1, 1),
(466, 'PRESERVATIVO PIEL CON RETARDANTE', 'PRESERVATIVO PIEL CON RETARDANTE', '2026-07-28', 2.92, 5.50, 12, 1, 1),
(467, 'PRESERVATIVO PIEL CON ESPUELAS', 'PRESERVATIVO PIEL CON ESPUELAS', '2027-09-28', 1.92, 4.50, 12, 1, 1),
(468, 'PRESERVATIVO PIEL CLASICO', 'PRESERVATIVO PIEL CLASICO', '2026-12-28', 1.92, 4.50, 12, 1, 1),
(470, 'PRESERVATIVO GENTS CLASICO', 'PRESERVATIVO GENTS CLASICO', '2026-06-28', 1.84, 4.00, 12, 1, 1),
(471, 'PRESERVATIVO GENTS AROS', 'PRESERVATIVO GENTS AROS', '2026-09-28', 1.84, 4.00, 12, 1, 1),
(472, 'PRESERVATIVO GENTS CON RETARDANTE', 'PRESERVATIVO GENTS CON RETARDANTE', '2025-01-28', 2.07, 5.50, 12, 1, 1),
(473, 'PRESERVATIVO GENTS ESPUELAS', 'PRESERVATIVO GENTS ESPUELAS', '2026-08-28', 1.84, 4.00, 12, 1, 1),
(474, 'TEST DE EMBARAZO CONTROLGYM', 'TEST DE EMBARAZO CONTROLGYM', '2024-03-28', 1.00, 7.00, 9, 1, 1),
(475, 'JABON CAMAY ROSAS FRANCESAS', 'JABON CAMAY ROSAS FRANCESAS', '2026-03-28', 2.22, 3.50, 6, 1, 1),
(476, 'JABON CAMAY CLASICO', 'JABON CAMAY ROSAS FRANCESAS', '2026-06-28', 2.22, 3.50, 6, 1, 1),
(477, 'JABON CAMAY JAZMIN', 'JABON CAMAY JAZMIN', '2025-04-28', 2.22, 3.50, 2, 1, 1),
(478, 'JABON DOVE MICELAR ANTI-STRESS', 'JABON DOVE MICELAR ANTI-STRESS', '2026-10-28', 3.41, 4.50, 4, 1, 1);
INSERT INTO `producto` (`codproducto`, `nombre`, `descripcion`, `vencimiento`, `precioCompra`, `precio`, `existencia`, `usuario_id`, `estado`) VALUES
(479, 'JABON DOVE KARITE 90g', 'JABON DOVE KARITE 90g', '2026-11-28', 3.41, 4.50, 4, 1, 1),
(480, 'JABON DOVE LECHE DE COCO 90g', 'JABON DOVE LECHE DE COCO 90g', '2026-11-20', 3.41, 4.50, 4, 1, 1),
(481, 'JABON DOVE ORIGINAL 90g', 'JABON DOVE ORIGINAL 90g', '2026-11-28', 3.41, 4.50, 7, 1, 1),
(482, 'JABON DOVE CUIDA Y PROTEGE 90g', 'JABON DOVE CUIDA Y PROTEGE 90g', '2026-08-28', 3.41, 4.50, 2, 1, 1),
(483, 'JABON REXONA ANTIBACTERIAL FRESH 84g', 'JABON REXONA ANTIBACTERIAL FRESH 84g', '2026-05-28', 2.22, 3.50, 4, 1, 1),
(484, 'JABON REXONA ANTIBACTERIAL ACTIVE 84g', 'JABON REXONA ANTIBACTERIAL ACTIVE 84g', '2026-06-28', 2.22, 3.50, 4, 1, 1),
(485, 'JABON REXONA ANTIBACTERIAL ACTIVE SPORT 84g', 'JABON REXONA ANTIBACTERIAL ACTIVE SPORT 84g', '2027-01-28', 2.22, 3.50, 3, 1, 1),
(486, 'JABON REXONA ANTIBACTERIAL AVENA 120g', 'JABON REXONA ANTIBACTERIAL AVENA 120g', '2026-02-10', 2.50, 4.50, 3, 1, 1),
(487, 'SHAMPOO EGO FORCE 400ml', 'SHAMPOO PANTENE 400 ML', '2026-12-28', 14.99, 19.00, 1, 1, 1),
(488, 'SHAMPOO EGO FUSION 2 EN 1 400ml', 'SHAMPOO EGO FUSION 2 EN 1 400ml', '2026-12-28', 14.99, 19.00, 1, 1, 1),
(489, 'SHAMPOO EGO BLACK 400ml', 'SHAMPOO EGO BLACK 400ml', '2026-12-28', 14.99, 19.00, 2, 1, 1),
(490, 'SHAMPOO SEDAL CERAMIDAS 1L', 'SHAMPOO SEDAL CERAMIDAS 1L', '2026-12-28', 27.53, 38.00, 2, 1, 1),
(491, 'SHAMPOO SEDAL KERATINA 1L', 'SHAMPOO SEDAL KERATINA 1L', '2026-12-28', 27.53, 38.00, 1, 1, 1),
(492, 'SHAMPOO SEDAL ZERO CASPA 340ml', 'SHAMPOO SEDAL ZERO CASPA 340ml', '2026-12-28', 0.00, 15.00, 0, 1, 1),
(493, 'SHAMPOO SAVITAL COLAGENO 530ml', 'SHAMPOO SAVITAL COLAGENO 530ml', '2025-02-28', 12.42, 15.00, 3, 1, 1),
(494, 'SHAMPOO SAVITAL PALTA 530ml', 'SHAMPOO SAVITAL PALTA 530ml', '2025-03-02', 12.42, 15.00, 2, 1, 1),
(495, 'SHAMPOO SAVITAL KERATINA 530ml', 'SHAMPOO SAVITAL KERATINA 530ml', '2024-12-18', 12.41, 15.00, 1, 1, 1),
(496, 'SHAMPOO SAVITAL BIOTINA 530ml', 'SHAMPOO SAVITAL BIOTINA 530ml', '2024-12-05', 12.41, 15.00, 1, 1, 1),
(497, 'SHAMPOO DOVE 400ml', 'SHAMPOO  DOVE 400ml', '2026-01-14', 22.91, 20.00, 2, 1, 1),
(498, 'CREMA DE PEINAR SEDAL CERAMIDAS', 'CREMA DE PEINAR SEDAL CERAMIDAS', '2025-11-02', 11.57, 15.00, 8, 1, 1),
(499, 'GEL EGO EXTREME MAX 100ml', 'GEL EGO EXTREME MAX 100ml', '2016-12-28', 3.55, 5.50, 2, 1, 1),
(500, 'GEL EGO ATTRACTION 100ml', 'GEL EGO ATTRACTION 100ml', '2025-01-23', 3.55, 5.50, 2, 1, 1),
(501, 'DESODORANTE REXONA AEROSOL ACTIVE EMOTION 150 ML', 'DESODORANTE REXONA AEROSOL ACTIVE EMOTION 150 ML', '2026-02-28', 12.20, 16.00, 2, 1, 1),
(502, 'DESODORANTE REXONA AEROSOL AXTRACOOL 150 ML', 'DESODORANTE REXONA AEROSOL AXTRACOOL 150 ML', '2026-01-28', 12.19, 16.00, 1, 1, 1),
(503, 'DESODORANTE REXONA AEROSOL ANTIBACTERIAL 150 ML', 'DESODORANTE REXONA AEROSOL ANTIBACTERIAL 150 ML', '2025-05-28', 12.19, 16.00, 2, 1, 1),
(504, 'DESODORANTE REXONA AEROSOL V8 - 150 ML', 'DESODORANTE REXONA AEROSOL V8 - 150 ML', '2026-02-28', 12.19, 16.00, 2, 1, 1),
(505, 'DESODORANTE REXONA AEROSOL TONO PERFECTO 150 ML', 'DESODORANTE REXONA AEROSOL TONO PERFECTO 150 ML', '2026-01-28', 12.19, 16.00, 2, 1, 1),
(506, 'DESODORANTE REXONA AEROSOL INVISIBLE 150 ML', 'DESODORANTE REXONA AEROSOL INVISIBLE 150 ML', '2025-05-28', 12.19, 16.00, 1, 1, 1),
(507, 'DESODORANTE REXONA ROLLOM ANTIBACTERIAL/INVISIBLE 50ML', 'DESODORANTE REXONA ROLLOM ANTIBACTERIAL/INVISIBLE 50ML', '2024-10-28', 10.33, 15.50, 2, 1, 1),
(508, 'DESODORANTE REXONA ROLLOM ACTIVE EMOTION 50ML', 'DESODORANTE REXONA ROLLOM ACTIVE EMOTION 50ML', '2025-03-28', 10.33, 15.50, 2, 1, 1),
(509, 'DESODORANTE REXONA ROLLOM V8 - 50ML', 'DESODORANTE REXONA ROLLOM V8 - 50ML', '2024-10-28', 10.33, 15.50, 3, 1, 1),
(510, 'DESODORANTE REXONA ROLLOM NUTRITIVE - 50ML', 'DESODORANTE REXONA ROLLOM NUTRITIVE - 50ML', '2024-08-28', 10.32, 15.50, 2, 1, 1),
(511, 'DESODORANTE REXONA STICK ACTIVE EMOTION - 50 G', 'DESODORANTE REXONA STICK ACTIVE EMOTION - 50 G', '2026-02-28', 10.58, 16.00, 1, 1, 1),
(512, 'DESODORANTE REXONA STICK SPORT - 50 G', 'DESODORANTE REXONA STICK SPORT - 50 G', '2025-01-28', 10.58, 16.00, 1, 1, 1),
(513, 'DESODORANTE REXONA ROLLOM SPORT - 50 ml', 'DESODORANTE REXONA ROLLOM SPORT - 50 ml', '2025-01-28', 10.33, 15.50, 1, 1, 1),
(514, 'DESODORANTE REXONA STICK NUTRITIVE - 50 Gr', 'DESODORANTE REXONA STICK NUTRITIVE - 50 Gr', '2026-02-28', 10.59, 16.00, 2, 1, 1),
(515, 'DESODORANTE REXONA STICK XTRA COOL - 50 Gr', 'DESODORANTE REXONA STICK XTRA COOL - 50 Gr', '2026-01-28', 10.58, 16.00, 1, 1, 1),
(516, 'DESODORANTE REXONA STICK INVISIBLE - 50 Gr', 'DESODORANTE REXONA STICK INVISIBLE - 50 Gr', '2025-08-28', 10.59, 16.00, 2, 1, 1),
(517, 'DESODORANTE REXONA STICK ANTIBACTERIAL/INVISIBLE - 50 Gr', 'DESODORANTE REXONA STICK ANTIBACTERIAL/INVISIBLE - 50 Gr', '2026-01-28', 10.59, 16.00, 2, 1, 1),
(518, 'DESODORANTE AXE AEROSOL EXCITE 58 gr', 'DESODORANTE AXE AEROSOL EXCITE 58 gr', '2026-02-28', 6.30, 11.00, 5, 1, 1),
(519, 'DESODORANTE AXE AEROSOL 152 ml', 'DESODORANTE AXE AEROSOL EXCITE 58 gr', '2025-09-28', 10.87, 15.50, 4, 1, 1),
(520, 'DESODORANTE DOVE AEROSOL 150 ml', 'DESODORANTE DOVE AEROSOL 150 ml', '2025-10-28', 12.83, 15.00, 5, 1, 1),
(521, 'GEL EGO ULTRA INTENSE 100ml', 'GEL EGO ULTRA INTENSE 100ml', '2016-12-28', 3.55, 5.50, 2, 1, 1),
(522, 'CREMA PONDS CLARANT B3 - SACHET', 'CREMA PONDS CLARANT B3 - SACHET', '2026-12-28', 0.98, 1.50, 20, 1, 1),
(523, 'CREMA PONDS CLARANT B3 - POTE 100 g', 'CREMA PONDS CLARANT B3 - POTE 100 g', '2025-01-28', 17.75, 24.00, 1, 1, 1),
(524, 'CREMA PONDS REJUVENESS - SACHET', 'CREMA PONDS REJUVENESS - SACHET', '2026-12-28', 0.98, 1.50, 20, 1, 1),
(525, 'CREMA PONDS REMUEVE MAQUILLAJE - SACHET', 'CREMA PONDS REMUEVE MAQUILLAJE - SACHET', '2026-12-28', 0.98, 1.50, 20, 1, 1),
(526, 'CREMA PONDS HUMECTANTE - SACHET', 'CREMA PONDS HUMECTANTE - SACHET', '2026-12-28', 0.98, 1.50, 20, 1, 1),
(528, 'SHAMPOO SEDAL COLAGENO/VITAMINA C - SACHET 45ml', 'SHAMPOO SEDAL COLAGENO/VITAMINA C - SACHET 45ml', '2024-05-25', 1.10, 0.00, 10, 1, 1),
(529, 'SHAMPOO SEDAL CERAMIDAS - SACHET 45ml', 'SHAMPOO SEDAL CERAMIDAS - SACHET 45ml', '2024-08-05', 1.10, 0.00, 12, 1, 1),
(530, 'SHAMPOO SEDAL DUO - SACHET 45ml', 'SHAMPOO SEDAL DUO - SACHET 45ml', '2024-09-12', 1.10, 0.00, 6, 1, 1),
(531, 'SHAMPOO SEDAL RISOS DEFINIDOS - SACHET 45ml', 'SHAMPOO SEDAL RISOS DEFINIDOS - SACHET 45ml', '2024-07-13', 0.80, 0.00, 12, 1, 1),
(532, 'SHAMPOO SEDAL ZERO CASPA - SACHET 45ml', 'SHAMPOO SEDAL ZERO CASPA - SACHET 45ml', '2024-09-23', 1.10, 0.00, 24, 1, 1),
(533, 'AGUA MINERAL SAN MATEO 600 ml', 'AGUA MINERAL SAN MATEO 600 ml', '2023-09-13', 1.30, 2.00, 11, 1, 1),
(534, 'DESODORANTE REXONA NUTRITIVE SACHET', 'DESODORANTE REXONA NUTRITIVE SACHET', '2026-12-28', 0.98, 1.50, 11, 1, 1),
(535, 'DESODORANTE REXONA V8 SACHET', 'DESODORANTE REXONA V8 SACHET', '2026-12-28', 0.98, 1.50, 10, 1, 1),
(536, 'TOALLA HIGIENICA LADYSOFT DELGADA X 10 UNID', 'TOALLA HIGIENICA LADYSOFT DELGADA X 10 UNID', '2026-10-31', 3.77, 4.80, 6, 1, 1),
(537, 'TOALLA HIGIENICA LADYSOFT NORMAL X 10 UNID', 'TOALLA HIGIENICA LADYSOFT NORMAL X 10 UNID', '2026-12-28', 3.40, 5.00, 6, 1, 1),
(538, 'TOALLA HIGIENICA LADYSOFT NORMAL X 42 UNID', 'TOALLA HIGIENICA LADYSOFT NORMAL X 42 UNID', '2026-12-28', 0.31, 0.50, 40, 1, 1),
(539, 'TOALLA HIGIENICA LADYSOFT NOCTURNA X 10 UNID', 'TOALLA HIGIENICA LADYSOFT NOCTURNA X 10 UNID', '2026-12-28', 5.35, 8.00, 6, 1, 1),
(540, 'TOALLA HIGIENICA LADYSOFT BASICA X 10 UNID', 'TOALLA HIGIENICA LADYSOFT BASICA X 10 UNID', '2026-12-28', 2.75, 4.50, 6, 1, 1),
(541, 'TOALLA HIGIENICA LADYSOFT PROTECTOR DIARIO X 15 UNID', 'TOALLA HIGIENICA LADYSOFT PROTECTOR DIARIO X 15 UNID', '2026-12-28', 2.74, 4.00, 6, 1, 1),
(542, 'PAPEL HIGIENICO NOBLE PLUS PAC x 4UNID', 'PAPEL HIGIENICO NOBLE PLUS PAC x 4UNID', '2026-12-28', 4.24, 5.00, 6, 1, 1),
(543, 'PAÑAL BABY SEC XXG - PAQ/36', 'PAÑAL BABY SEC XXG- PAQ/36', '2026-12-28', 30.40, 40.00, 2, 1, 1),
(544, 'PAÑAL BABY SEC M - PAQ/56', 'PAÑAL BABY SEC M - PAQ/56', '2028-02-28', 30.40, 40.00, 2, 1, 1),
(545, 'PAPEL HIGIENICO NOBLE AHORRO PAC x 2UNID', 'PAPEL HIGIENICO NOBLE AHORRO PAC x 2UNID', '2026-12-28', 0.00, 2.00, 2, 1, 1),
(546, 'PAÑAL BABY SEC XG - PAQ/52', 'PAÑAL BABY SEC XG - PAQ/52', '2026-12-28', 39.38, 49.00, 2, 1, 1),
(547, 'PAÑAL BABY SEC G - PAQ/64', 'PAÑAL BABY SEC G - PAQ/64', '2026-12-28', 39.40, 49.00, 2, 1, 1),
(548, 'DESODORANTE REXONA CLINICAL STICK 48 Gr', 'DESODORANTE REXONA CLINICAL STICK 48 Gr', '2024-10-28', 21.00, 0.00, 1, 1, 1),
(549, 'PAÑAL HUGGIES TRIPLE PROTECCION G -CELESTE - PAQUETE X 48 UNID', 'PAÑAL HUGGIES TRIPLE PROTECCION G -CELESTE - PAQUETE X 48 UNID', '2025-04-26', 30.21, 40.00, 2, 1, 1),
(550, 'PAÑAL HUGGIES TRIPLE PROTECCION XG -CELESTE - PAQUETE X 40 UNID', 'PAÑAL HUGGIES TRIPLE PROTECCION XG -CELESTE - PAQUETE X 40 UNID', '2025-05-11', 30.21, 40.00, 2, 1, 1),
(551, 'PAÑAL HUGGIES TRIPLE PROTECCION XXG -CELESTE - PAQUETE X 36 UNID', 'PAÑAL HUGGIES TRIPLE PROTECCION XXG -CELESTE - PAQUETE X 36 UNID', '2025-04-03', 30.22, 40.00, 2, 1, 1),
(552, 'PAÑITOS HÙMEDOS NINET CLASICO X 80 UNID', 'PAÑITOS HÙMEDOS NINET CLASICO X 80 UNID0', '2026-12-06', 6.90, 9.00, 1, 1, 1),
(553, 'PAÑITOS HÙMEDOS NINET CLASICO PAC X 140 UNID', 'PAÑITOS HÙMEDOS NINET CLASICO PAC X 140 UNID', '2026-06-29', 10.50, 15.00, 1, 1, 1),
(554, 'LECHE  NAN 3 LTA 800 GR', 'LECHE  NAN 3 LTA 800 GR', '2024-03-18', 61.00, 74.00, 1, 1, 1),
(555, 'FORTICAO DE 40 UND', 'FORTICAO DE 40 UND', '2024-07-28', 60.00, 65.00, 1, 1, 1),
(556, 'GOMITAS DE ZINC DE 60 UND', 'GOMITAS DE ZINC DE 60 UND', '2025-03-28', 20.00, 35.00, 2, 1, 1),
(557, 'TOTALDENT KIDS - BOB ESPONJA', 'TOTALDENT KIDS - BOB ESPONJA', '2025-09-28', 11.50, 16.00, 2, 1, 1),
(558, 'MORDEDOR TUINIES', 'MORDEDOR TUINIES', '2026-12-28', 12.00, 15.00, 2, 1, 1),
(559, 'ACONDICIONADOR DOVE 400 ML', 'ACONDICIONADOR DOVE 400 ML', '2026-12-28', 0.00, 18.00, 2, 1, 1),
(560, 'CREMA DENTAL COLGATE HERBAL - 90 gr', 'CREMA DENTAL COLGATE HERBAL - 90 gr', '2026-12-28', 0.00, 3.80, 6, 1, 1),
(561, 'CREMA DENTAL KOLYNOS SUPER BLANCO 86 Gr', 'CREMA DENTAL KOLYNOS SUPER BLANCO 86 Gr', '2024-12-28', 2.50, 3.50, 6, 1, 1),
(562, 'ENJUAGUE BUCAL COLGATE PLAX ICE  500ml', 'ENJUAGUE BUCAL COLGATE PLAX ICE  500ml', '2026-12-28', 16.40, 18.00, 2, 1, 1),
(563, 'JABON BARRA HENO DE PRAVIA AMARILLO - 85 G', 'JABON BARRA HENO DE PRAVIA AMARILLO - 85 G', '2026-12-28', 2.90, 3.80, 6, 1, 1),
(564, 'CREMA DENTAL COLGATE TOTAL CLEAN MINT - 96 gr', 'CREMA DENTAL COLGATE TOTAL CLEAN MINT - 96 gr', '2024-08-28', 11.60, 13.00, 3, 1, 1),
(565, 'ENJUAGUE BUCAL DENTITO KIDS  250ml', 'ENJUAGUE BUCAL DENTITO KIDS  250ml', '2026-12-26', 4.20, 7.00, 2, 1, 1),
(566, 'JABON NEKO EXTRA SUAVE - 75 G', 'JABON NEKO EXTRA SUAVE - 75 G', '2026-12-28', 0.00, 3.50, 1, 1, 1),
(567, 'SHAMPOO JOHMSONS SACHET 25 ml', 'SHAMPOO JOHMSONS SACHET 25 ml', '2025-03-28', 1.13, 1.50, 24, 1, 1),
(568, 'CREMA REPELENTE 60 Gr', 'CREMA REPELENTE 60 Gr', '2025-05-04', 7.57, 10.00, 1, 1, 1),
(569, 'CREMA NIVEA DE 150 ml', 'CREMA NIVEA DE 150 ml', '2025-08-28', 14.26, 17.50, 1, 1, 1),
(570, 'CREMA NIVEA DE 60 ml', 'CREMA NIVEA DE 60 ml', '2025-07-28', 7.45, 10.00, 3, 1, 1),
(571, 'CREMA NIVEA DE 30 ml', 'CREMA NIVEA DE 30 ml', '2025-10-28', 5.20, 8.00, 3, 1, 1),
(572, 'ESPUMA DE AFEITAR GILLETTE 175 Gr', 'ESPUMA DE AFEITAR GILLETTE 175 Gr', '2025-06-28', 17.70, 20.00, 3, 1, 1),
(573, 'SPORADE 500 ml', 'SPORADE 500 ml', '2024-01-16', 1.80, 2.50, 12, 1, 1),
(574, 'ELECTROLITE 475 ml', 'ELECTROLITE 475 ml', '2025-03-30', 1.70, 2.50, 27, 1, 1),
(575, 'AGUA MINERAL SAN LUIS 500 ml', 'AGUA MINERAL SAN LUIS 500 ml', '2024-12-28', 1.20, 2.00, 15, 1, 1),
(576, 'AGUA MINERAL CIELO 600 ml', 'AGUA MINERAL CIELO 600 ml', '2025-12-28', 0.80, 1.20, 15, 1, 1),
(577, 'PAPEL HIGIENICO SUAVE NARANJA PAQUETE X 2 UNID', 'PAPEL HIGIENICO SUAVE NARANJA PAQUETE X 2 UNID', '2026-12-28', 1.40, 2.00, 10, 1, 1),
(578, 'PAPEL HIGIENICO SUAVE NARANJA ', 'PAPEL HIGIENICO SUAVE NARANJA ', '2024-12-28', 0.73, 1.00, 40, 1, 1),
(579, 'TOALLA HIGIENICA KOTEX INDIVUDUAL', 'TOALLA HIGIENICA KOTEX INDIVUDUAL', '2025-04-05', 0.30, 0.50, 42, 1, 1),
(580, 'SHAMPOO SAVITAL SACHET', 'SHAMPOO SAVITAL SACHET', '2024-07-20', 0.80, 1.20, 12, 1, 1);

-- --------------------------------------------------------

--
-- Estructura de tabla para la tabla `usuario`
--

CREATE TABLE `usuario` (
  `idusuario` int(11) NOT NULL,
  `nombre` varchar(100) NOT NULL,
  `correo` varchar(100) NOT NULL,
  `usuario` varchar(20) NOT NULL,
  `clave` varchar(50) NOT NULL,
  `estado` int(11) NOT NULL DEFAULT 1
) ENGINE=InnoDB DEFAULT CHARSET=utf8 COLLATE=utf8_spanish_ci;

--
-- Volcado de datos para la tabla `usuario`
--

INSERT INTO `usuario` (`idusuario`, `nombre`, `correo`, `usuario`, `clave`, `estado`) VALUES
(1, 'Administrador', 'admin@botica.com', 'admin', '21232f297a57a5a743894a0e4a801fc3', 1);

-- --------------------------------------------------------

--
-- Estructura de tabla para la tabla `ventas`
--

CREATE TABLE `ventas` (
  `id` int(11) NOT NULL,
  `id_cliente` int(11) NOT NULL,
  `total` decimal(10,2) NOT NULL,
  `id_usuario` int(11) NOT NULL,
  `fecha` timestamp NOT NULL DEFAULT current_timestamp() ON UPDATE current_timestamp()
) ENGINE=InnoDB DEFAULT CHARSET=utf8mb4 COLLATE=utf8mb4_general_ci;

--
-- Volcado de datos para la tabla `ventas`
--

INSERT INTO `ventas` (`id`, `id_cliente`, `total`, `id_usuario`, `fecha`) VALUES
(1, 1, 173.00, 1, '2023-05-26 05:00:00'),
(2, 1, 60.90, 1, '2023-05-29 05:00:00'),
(3, 1, 117.00, 1, '2023-05-30 05:00:00'),
(4, 1, 50.50, 1, '2023-05-31 05:00:00'),
(5, 1, 47.20, 1, '2023-06-01 05:00:00');

--
-- Índices para tablas volcadas
--

--
-- Indices de la tabla `caja`
--
ALTER TABLE `caja`
  ADD PRIMARY KEY (`id`);

--
-- Indices de la tabla `cliente`
--
ALTER TABLE `cliente`
  ADD PRIMARY KEY (`idcliente`);

--
-- Indices de la tabla `configuracion`
--
ALTER TABLE `configuracion`
  ADD PRIMARY KEY (`id`);

--
-- Indices de la tabla `detalle_caja`
--
ALTER TABLE `detalle_caja`
  ADD PRIMARY KEY (`id`),
  ADD KEY `idCaja` (`idCaja`);

--
-- Indices de la tabla `detalle_permisos`
--
ALTER TABLE `detalle_permisos`
  ADD PRIMARY KEY (`id`);

--
-- Indices de la tabla `detalle_temp`
--
ALTER TABLE `detalle_temp`
  ADD PRIMARY KEY (`id`);

--
-- Indices de la tabla `detalle_venta`
--
ALTER TABLE `detalle_venta`
  ADD PRIMARY KEY (`id`);

--
-- Indices de la tabla `movimientos`
--
ALTER TABLE `movimientos`
  ADD PRIMARY KEY (`id`);

--
-- Indices de la tabla `permisos`
--
ALTER TABLE `permisos`
  ADD PRIMARY KEY (`id`);

--
-- Indices de la tabla `producto`
--
ALTER TABLE `producto`
  ADD PRIMARY KEY (`codproducto`);

--
-- Indices de la tabla `usuario`
--
ALTER TABLE `usuario`
  ADD PRIMARY KEY (`idusuario`);

--
-- Indices de la tabla `ventas`
--
ALTER TABLE `ventas`
  ADD PRIMARY KEY (`id`);

--
-- AUTO_INCREMENT de las tablas volcadas
--

--
-- AUTO_INCREMENT de la tabla `caja`
--
ALTER TABLE `caja`
  MODIFY `id` int(11) NOT NULL AUTO_INCREMENT, AUTO_INCREMENT=3;

--
-- AUTO_INCREMENT de la tabla `cliente`
--
ALTER TABLE `cliente`
  MODIFY `idcliente` int(11) NOT NULL AUTO_INCREMENT, AUTO_INCREMENT=4;

--
-- AUTO_INCREMENT de la tabla `configuracion`
--
ALTER TABLE `configuracion`
  MODIFY `id` int(11) NOT NULL AUTO_INCREMENT, AUTO_INCREMENT=2;

--
-- AUTO_INCREMENT de la tabla `detalle_caja`
--
ALTER TABLE `detalle_caja`
  MODIFY `id` int(11) NOT NULL AUTO_INCREMENT;

--
-- AUTO_INCREMENT de la tabla `detalle_permisos`
--
ALTER TABLE `detalle_permisos`
  MODIFY `id` int(11) NOT NULL AUTO_INCREMENT, AUTO_INCREMENT=23;

--
-- AUTO_INCREMENT de la tabla `detalle_temp`
--
ALTER TABLE `detalle_temp`
  MODIFY `id` int(11) NOT NULL AUTO_INCREMENT, AUTO_INCREMENT=58;

--
-- AUTO_INCREMENT de la tabla `detalle_venta`
--
ALTER TABLE `detalle_venta`
  MODIFY `id` int(11) NOT NULL AUTO_INCREMENT, AUTO_INCREMENT=67;

--
-- AUTO_INCREMENT de la tabla `movimientos`
--
ALTER TABLE `movimientos`
  MODIFY `id` int(11) NOT NULL AUTO_INCREMENT;

--
-- AUTO_INCREMENT de la tabla `permisos`
--
ALTER TABLE `permisos`
  MODIFY `id` int(11) NOT NULL AUTO_INCREMENT, AUTO_INCREMENT=8;

--
-- AUTO_INCREMENT de la tabla `producto`
--
ALTER TABLE `producto`
  MODIFY `codproducto` int(11) NOT NULL AUTO_INCREMENT, AUTO_INCREMENT=581;

--
-- AUTO_INCREMENT de la tabla `usuario`
--
ALTER TABLE `usuario`
  MODIFY `idusuario` int(11) NOT NULL AUTO_INCREMENT, AUTO_INCREMENT=4;

--
-- AUTO_INCREMENT de la tabla `ventas`
--
ALTER TABLE `ventas`
  MODIFY `id` int(11) NOT NULL AUTO_INCREMENT, AUTO_INCREMENT=6;

--
-- Restricciones para tablas volcadas
--

--
-- Filtros para la tabla `detalle_caja`
--
ALTER TABLE `detalle_caja`
  ADD CONSTRAINT `idCaja` FOREIGN KEY (`idCaja`) REFERENCES `caja` (`id`);
COMMIT;

/*!40101 SET CHARACTER_SET_CLIENT=@OLD_CHARACTER_SET_CLIENT */;
/*!40101 SET CHARACTER_SET_RESULTS=@OLD_CHARACTER_SET_RESULTS */;
/*!40101 SET COLLATION_CONNECTION=@OLD_COLLATION_CONNECTION */;
